Sector,Year,Month,Cereals and products,Meat and fish,Egg,Milk and products,Oils and fats,Fruits,Vegetables,Pulses and products,Sugar and Confectionery,Spices,Non-alcoholic beverages,GRWTH % Cereal,GRWTH % Meat&Fish,GRWTH % EGG,GRWTH % milk,GRWTH % Oils,GRWTH % Fruits,GRWTH % Veg,GRWTH % Pulses,GRWTH % Sugar,GRWTH % spices,GRWTH % NON alocholic
Rural,2013,January,107.5,106.3,108.1,104.9,106.1,103.9,101.9,106.1,106.8,103.1,104.8,2.79%,2.63%,4.53%,-1.24%,-2.54%,-1.54%,0.98%,-0.28%,-1.59%,-1.26%,0.29%
Urban,2013,January,110.5,109.1,113,103.6,103.4,102.3,102.9,105.8,105.1,101.8,105.1,-1.90%,-1.65%,-2.65%,0.77%,1.64%,0.88%,-0.68%,0.19%,1.05%,0.88%,-0.19%
Rural+Urban,2013,January,108.4,107.3,110,104.4,105.1,103.2,102.2,106,106.2,102.7,104.9,0.74%,1.30%,0.18%,0.96%,1.52%,0.78%,0.20%,-0.09%,-0.47%,0.39%,0.19%
Rural,2013,February,109.2,108.7,110.2,105.4,106.7,104,102.4,105.9,105.7,103.1,105.1,3.39%,3.86%,6.08%,-1.33%,-3.00%,-0.87%,2.44%,-1.70%,-1.80%,-0.78%,0.86%
Urban,2013,February,112.9,112.9,116.9,104,103.5,103.1,104.9,104.1,103.8,102.3,106,-2.21%,-2.39%,-3.51%,0.87%,1.93%,0.48%,-1.62%,1.15%,1.25%,0.49%,-0.47%
Rural+Urban,2013,February,110.4,110.2,112.8,104.9,105.5,103.6,103.2,105.3,105.1,102.8,105.5,-0.18%,-1.27%,-2.57%,0.67%,0.66%,2.03%,-1.74%,0.38%,-0.10%,0.49%,0.09%
Rural,2013,March,110.2,108.8,109.9,105.6,106.2,105.7,101.4,105.7,105,103.3,105.6,3.36%,2.39%,3.00%,-1.23%,-3.30%,-0.76%,2.37%,-2.08%,-2.29%,-0.87%,1.33%
Urban,2013,March,113.9,111.4,113.2,104.3,102.7,104.9,103.8,103.5,102.6,102.4,107,-2.19%,-1.53%,-1.77%,0.77%,2.14%,0.38%,-1.54%,1.45%,1.56%,0.59%,-0.75%
Rural+Urban,2013,March,111.4,109.7,111.2,105.1,104.9,105.3,102.2,105,104.2,103,106.2,-1.08%,-0.18%,-3.87%,1.14%,0.76%,2.85%,1.17%,0.67%,0.00%,0.19%,0.28%
Rural,2013,April,110.2,109.5,106.9,106.3,105.7,108.3,103.4,105.7,104.2,103.2,106.5,3.99%,3.56%,-0.84%,-1.51%,-3.41%,1.11%,6.09%,-1.04%,-2.11%,0.29%,1.60%
Urban,2013,April,114.6,113.4,106,104.7,102.1,109.5,109.7,104.6,102,103.5,108.2,-2.62%,-2.20%,0.57%,0.96%,2.25%,-0.55%,-3.83%,0.67%,1.47%,-0.19%,-0.92%
Rural+Urban,2013,April,111.6,110.9,106.6,105.7,104.4,108.9,105.5,105.3,103.5,103.3,107.2,-0.63%,-0.99%,-0.66%,1.70%,0.86%,-0.73%,1.71%,0.76%,0.19%,0.68%,0.19%
Rural,2013,May,110.9,109.8,105.9,107.5,105.3,108.1,107.3,106.1,103.7,104,107.4,4.06%,4.01%,-3.02%,-1.86%,-3.61%,2.31%,15.28%,-0.85%,-1.74%,0.96%,1.58%
Urban,2013,May,115.4,114.2,102.7,105.5,101.5,110.6,123.7,105.2,101.9,105,109.1,-2.69%,-2.54%,1.95%,1.23%,2.36%,-1.18%,-8.73%,0.57%,1.18%,-0.67%,-0.92%
Rural+Urban,2013,May,112.3,111.3,104.7,106.8,103.9,109.3,112.9,105.8,103.1,104.3,108.1,0.00%,0.72%,3.25%,1.40%,1.92%,-0.09%,4.52%,0.95%,0.97%,1.05%,0.09%
Rural,2013,June,112.3,112.1,108.1,108.3,105.9,109.2,118,106.8,104.1,105.4,108.2,4.19%,7.14%,4.07%,-0.92%,-4.34%,2.93%,21.69%,-1.31%,-2.59%,0.95%,1.66%
Urban,2013,June,117,120.1,112.5,107.3,101.3,112.4,143.6,105.4,101.4,106.4,110,-2.74%,-4.33%,-2.40%,0.56%,2.86%,-1.51%,-11.77%,0.85%,1.78%,-0.66%,-0.91%
Rural+Urban,2013,June,113.8,114.9,109.8,107.9,104.2,110.7,126.7,106.3,103.2,105.7,109,-0.35%,0.00%,0.64%,1.30%,1.92%,-0.36%,1.97%,0.75%,1.07%,0.66%,0.09%
Rural,2013,July,113.4,114.9,110.5,109.3,106.2,110.3,129.2,107.1,104.3,106.4,109.1,3.88%,3.74%,3.17%,-0.91%,-4.80%,2.63%,24.54%,-1.87%,-2.88%,1.03%,1.19%
Urban,2013,July,117.8,119.2,114,108.3,101.1,113.2,160.9,105.1,101.3,107.5,110.4,-2.55%,-2.35%,-1.84%,0.55%,3.17%,-1.33%,-12.99%,1.24%,1.97%,-0.65%,-0.72%
Rural+Urban,2013,July,114.8,116.4,111.9,108.9,104.3,111.7,140,106.4,103.3,106.8,109.6,-0.44%,-0.86%,-0.71%,1.01%,2.01%,-0.81%,-0.79%,0.94%,0.77%,0.09%,0.09%
Rural,2013,August,114.3,115.4,111.1,110,106.4,110.8,138.9,107.4,104.1,106.9,109.7,3.50%,4.33%,1.44%,-1.00%,-4.98%,-1.90%,27.43%,-2.51%,-2.98%,1.50%,1.09%
Urban,2013,August,118.3,120.4,112.7,108.9,101.1,108.7,177,104.7,101,108.5,110.9,-2.28%,-2.66%,-0.89%,0.64%,3.36%,1.01%,-14.24%,1.72%,2.08%,-1.01%,-0.63%
Rural+Urban,2013,August,115.6,117.2,111.7,109.6,104.5,109.8,151.8,106.5,103.1,107.4,110.2,-0.17%,-1.28%,0.00%,1.28%,2.78%,1.00%,1.45%,1.50%,1.07%,0.47%,0.18%
Rural,2013,September,115.4,115.7,111.7,111,107.4,110.9,154,108.1,104.2,107.9,110.4,2.77%,2.94%,1.34%,-1.26%,-5.31%,-6.94%,13.18%,-2.78%,-3.26%,1.11%,0.63%
Urban,2013,September,118.6,119.1,113.2,109.6,101.7,103.2,174.3,105.1,100.8,109.1,111.1,-1.85%,-1.85%,-0.80%,0.82%,3.54%,3.97%,-7.69%,1.90%,2.28%,-0.73%,-0.36%
Rural+Urban,2013,September,116.4,116.9,112.3,110.5,105.3,107.3,160.9,107.1,103.1,108.3,110.7,-0.09%,-1.28%,0.27%,1.09%,2.28%,5.50%,2.49%,1.12%,0.78%,-0.09%,0.36%
Rural,2013,October,116.3,115.4,112.6,111.7,107.7,113.2,164.9,108.3,103.9,108.2,111.1,2.24%,2.34%,1.69%,-1.16%,-5.01%,-6.18%,11.28%,-2.77%,-3.56%,1.29%,0.27%
Urban,2013,October,118.9,118.1,114.5,110.4,102.3,106.2,183.5,105.3,100.2,109.6,111.4,-1.51%,-1.52%,-1.05%,0.72%,3.32%,3.48%,-6.70%,1.90%,2.50%,-0.82%,-0.18%
Rural+Urban,2013,October,117.1,116.3,113.3,111.2,105.7,109.9,171.2,107.3,102.7,108.7,111.2,0.17%,-1.20%,2.56%,1.44%,3.03%,6.10%,4.03%,1.68%,0.88%,0.28%,0.54%
Rural,2013,November ,117.3,114.9,116.2,112.8,108.9,116.6,178.1,109.1,103.6,109,111.8,2.13%,1.22%,5.51%,-0.71%,-5.23%,-5.66%,8.25%,-2.57%,-3.96%,1.19%,0.00%
Urban,2013,November,119.8,116.3,122.6,112,103.2,110,192.8,106.3,99.5,110.3,111.8,-1.42%,-0.77%,-3.18%,0.45%,3.49%,3.18%,-5.03%,1.79%,2.71%,-0.82%,0.00%
Rural+Urban,2013,November,118.1,115.4,118.7,112.5,106.8,113.5,183.1,108.2,102.2,109.4,111.8,0.25%,0.43%,1.43%,1.16%,2.53%,1.76%,-20.43%,1.20%,0.68%,0.37%,0.27%
Rural,2013,December,118.4,115.9,120.4,113.8,109.5,115.5,145.7,109.5,102.9,109.8,112.1,1.77%,1.90%,6.73%,-0.88%,-5.57%,-4.16%,-0.62%,-2.19%,-4.18%,1.91%,0.00%
Urban,2013,December,120.5,118.1,128.5,112.8,103.4,110.7,144.8,107.1,98.6,111.9,112.1,-1.16%,-1.19%,-3.89%,0.53%,3.77%,2.35%,0.41%,1.49%,2.94%,-1.25%,0.00%
Rural+Urban,2013,December,119.1,116.7,123.5,113.4,107.3,113.3,145.4,108.7,101.5,110.5,112.1,-0.17%,0.34%,-2.43%,0.88%,1.58%,1.94%,-14.79%,0.83%,0.30%,-0.27%,0.27%
Rural,2014,January,118.9,117.1,120.5,114.4,109,115.5,123.9,109.6,101.8,110.2,112.4,1.93%,4.18%,7.80%,-0.70%,-5.60%,-2.94%,-4.04%,-1.92%,-4.81%,2.27%,-0.27%
Urban,2014,January,121.2,122,129.9,113.6,102.9,112.1,118.9,107.5,96.9,112.7,112.1,-1.32%,-2.62%,-4.46%,0.44%,3.79%,1.61%,2.78%,1.30%,3.41%,-1.51%,0.18%
Rural+Urban,2014,January,119.6,118.8,124.1,114.1,106.8,113.9,122.2,108.9,100.2,111,112.3,-0.17%,-0.93%,-2.34%,0.79%,2.06%,2.37%,-5.07%,0.83%,0.90%,-0.54%,0.53%
Rural,2014,February,119.4,117.7,121.2,115,109,116.6,116,109.8,101.1,110.4,112.9,2.09%,3.65%,2.72%,0.17%,-5.96%,-2.14%,-3.88%,-1.46%,-5.64%,2.81%,-0.71%
Urban,2014,February,121.9,122,124.5,115.2,102.5,114.1,111.5,108.2,95.4,113.5,112.1,-1.39%,-2.30%,-1.61%,-0.09%,4.00%,1.14%,2.69%,1.02%,3.98%,-1.85%,0.45%
Rural+Urban,2014,February,120.2,119.2,122.5,115.1,106.6,115.4,114.5,109.3,99.2,111.4,112.6,-0.08%,-0.92%,-1.47%,0.87%,2.53%,3.64%,2.97%,0.82%,2.02%,-0.63%,0.36%
Rural,2014,March,120.1,118.1,120.7,116.1,109.3,119.6,117.9,110.2,101.2,110.7,113,1.67%,2.79%,0.66%,0.09%,-5.95%,-1.59%,-3.90%,-1.18%,-4.84%,3.07%,-0.71%
Urban,2014,March,122.1,121.4,121.5,116.2,102.8,117.7,113.3,108.9,96.3,114.1,112.2,-1.15%,-1.73%,-0.41%,-0.09%,3.99%,0.85%,2.65%,0.83%,3.43%,-2.02%,0.45%
Rural+Urban,2014,Marcrh,120.7,119.3,121,116.1,106.9,118.7,116.3,109.8,99.6,111.8,112.7,-0.41%,-0.34%,-2.40%,0.78%,2.62%,5.73%,3.61%,1.09%,3.01%,-0.54%,0.71%
Rural,2014,April,120.2,118.9,118.1,117,109.7,125.5,120.5,111,102.6,111.2,113.5,1.91%,2.35%,-4.06%,0.00%,-6.02%,0.96%,0.58%,0.00%,-2.24%,3.69%,-0.70%
Urban,2014,April,122.5,121.7,113.3,117,103.1,126.7,121.2,111,100.3,115.3,112.7,-1.31%,-1.48%,2.56%,0.00%,4.07%,-0.47%,-0.41%,0.00%,1.50%,-2.34%,0.44%
Rural+Urban,2014,April,120.9,119.9,116.2,117,107.3,126.1,120.7,111,101.8,112.6,113.2,-0.50%,0.25%,0.60%,0.85%,2.61%,0.16%,2.65%,0.45%,1.67%,-0.89%,0.88%
Rural,2014,May,120.3,120.2,116.9,118,110.1,126.3,123.9,111.5,103.5,111.6,114.2,2.00%,3.24%,-2.31%,0.93%,-5.99%,2.30%,2.50%,0.99%,-2.13%,4.84%,-1.14%
Urban,2014,May,122.7,124.1,114.2,119.1,103.5,129.2,127,112.6,101.3,117,112.9,-1.30%,-2.01%,1.49%,-0.59%,4.06%,-1.16%,-1.57%,-0.62%,1.48%,-3.08%,0.71%
Rural+Urban,2014,May,121.1,121.6,115.9,118.4,107.7,127.7,125,111.9,102.8,113.4,113.7,-0.33%,0.00%,0.17%,0.76%,2.41%,-1.49%,3.44%,0.27%,0.78%,-0.97%,1.06%
Rural,2014,June,120.7,121.6,116.1,119.3,110.3,125.8,129.3,112.2,103.6,112.3,114.9,1.99%,3.54%,-0.60%,0.92%,-6.26%,4.29%,6.34%,0.53%,-2.12%,5.34%,-1.48%
Urban,2014,June,123.1,125.9,115.4,120.4,103.4,131.2,137.5,112.8,101.4,118.3,113.2,-1.30%,-2.22%,0.35%,-0.58%,4.26%,-2.21%,-3.93%,-0.35%,1.48%,-3.38%,0.88%
Rural+Urban,2014,June,121.5,123.1,115.8,119.7,107.8,128.3,132.1,112.4,102.9,114.3,114.2,0.16%,-0.49%,1.64%,0.75%,2.41%,0.62%,13.63%,0.71%,1.85%,-0.87%,1.23%
Rural,2014,July,121.7,122.5,117.7,120.6,110.4,129.1,150.1,113.2,104.8,113.3,115.6,1.73%,3.18%,0.25%,0.83%,-6.25%,3.56%,14.86%,-0.09%,-2.00%,5.91%,-1.56%
Urban,2014,July,123.8,126.4,118,121.6,103.5,133.7,172.4,113.1,102.7,120,113.8,-1.13%,-1.98%,-0.17%,-0.49%,4.25%,-1.87%,-8.53%,0.09%,1.36%,-3.75%,0.008787346
Rural+Urban,2014,July,122.4,123.9,117.8,121,107.9,131.2,157.7,113.2,104.1,115.5,114.8,-0.49%,-0.89%,0.00%,0.74%,2.50%,-1.14%,2.16%,0.80%,0.96%,-0.78%,0.008710801
Rural,2014,August,121.8,122.8,117.8,121.9,110.6,129.7,161.1,114.1,105.1,114.6,115.8,2.46%,3.66%,-1.10%,0.25%,-6.33%,2.31%,12.91%,0.96%,-2.28%,6.54%,-0.01208981
Urban,2014,August,124.8,127.3,116.5,122.2,103.6,132.7,181.9,115.2,102.7,122.1,114.4,-1.68%,-2.28%,0.69%,-0.16%,4.25%,-1.21%,-7.53%,-0.61%,1.56%,-4.10%,0.006993007
Rural+Urban,2014,August,122.7,124.4,117.3,122,108,131.1,168.2,114.5,104.3,117.1,115.2,-0.33%,-1.61%,0.43%,0.57%,2.22%,-0.99%,-5.59%,0.44%,0.38%,-1.88%,0.011284722
Rural,2014,September,122.3,122.4,117.8,122.7,110.4,129.8,158.8,115,104.7,114.9,116.5,1.55%,2.45%,-1.19%,0.00%,-6.25%,-4.08%,6.17%,1.65%,-2.67%,6.96%,-0.014592275
Urban,2014,September,124.2,125.4,116.4,122.7,103.5,124.5,168.6,116.9,101.9,122.9,114.8,-1.05%,-1.52%,0.77%,0.00%,4.25%,2.25%,-3.86%,-1.11%,1.86%,-4.31%,0.008710801
Rural+Urban,2014,September,122.9,123.5,117.3,122.7,107.9,127.3,162.1,115.6,103.8,117.6,115.8,-0.24%,-0.81%,0.85%,0.41%,2.41%,1.26%,-4.19%,-0.09%,0.19%,-1.96%,0.008635579
Rural,2014,October,122.6,122.5,118.3,123.2,110.5,128.9,155.3,115.5,104,115.3,116.8,1.63%,2.94%,-0.42%,-0.08%,-6.33%,-4.19%,2.77%,1.65%,-2.69%,7.37%,-0.01369863
Urban,2014,October,124.6,126.1,117.8,123.1,103.5,123.5,159.6,117.4,101.2,123.8,115.2,-1.12%,-1.82%,0.25%,0.08%,4.25%,2.35%,-1.75%,-1.11%,1.88%,-4.60%,0.0078125
Rural+Urban,2014,October,123.2,123.8,118.1,123.2,107.9,126.4,156.8,116.1,103.1,118.1,116.1,-0.41%,-0.97%,1.52%,0.65%,2.41%,1.90%,-3.06%,0.09%,0.19%,-1.95%,0.006029285
Rural,2014,November,122.7,122.6,119.9,124,110.5,128.8,152,116.2,103.3,115.8,116.8,1.47%,2.45%,2.34%,0.48%,-6.61%,-5.12%,0.79%,2.67%,-3.39%,7.60%,-0.008561644
Urban,2014,November,124.5,125.6,122.7,124.6,103.2,122.2,153.2,119.3,99.8,124.6,115.8,-0.96%,-1.51%,-1.39%,-0.32%,4.46%,2.86%,-0.52%,-1.76%,2.30%,-4.74%,0.005181347
Rural+Urban,2014,November,123.3,123.7,121,124.2,107.8,125.7,152.4,117.2,102.1,118.7,116.4,-0.73%,-1.05%,0.66%,0.00%,2.23%,2.31%,-7.94%,-0.77%,-0.10%,-2.27%,0.007731959
Rural,2014,December,122.4,122.4,121.8,124.2,110.2,128.6,140.3,116.3,102,116,117.3,1.31%,1.88%,3.69%,0.56%,-6.53%,-4.90%,0.50%,3.27%,-4.12%,8.10%,-0.010230179
Urban,2014,December,124,124.7,126.3,124.9,103,122.3,141,120.1,97.8,125.4,116.1,-0.89%,-1.20%,-2.22%,-0.32%,4.47%,2.78%,-0.35%,-2.08%,2.86%,-5.02%,0.006029285
Rural+Urban,2014,December,122.9,123.2,123.5,124.5,107.6,125.7,140.5,117.6,100.6,119.1,116.8,0.16%,-0.08%,-1.13%,0.32%,3.16%,3.74%,-5.84%,-0.34%,-0.10%,-1.60%,0.009417808
Rural,2015,January,123.1,123.1,122.1,124.9,111,130.4,132.3,117.2,100.5,117.2,117.9,0.73%,1.95%,3.69%,0.24%,-6.04%,-6.98%,1.59%,4.86%,-4.38%,8.02%,-0.01187447
Urban,2015,January,124,125.5,126.6,125.2,104.3,121.3,134.4,122.9,96.1,126.6,116.5,-0.48%,-1.27%,-2.21%,-0.16%,4.03%,4.04%,-1.04%,-3.09%,3.02%,-4.98%,0.006866953
Rural+Urban,2015,January,123.4,123.9,123.8,125,108.5,126.2,133,119.1,99,120.3,117.3,0.00%,0.40%,-1.37%,0.64%,2.76%,2.54%,-3.61%,-0.25%,1.01%,-1.41%,0.012787724
Rural,2015,February,123.4,124.4,122.1,125.8,111.5,129.4,128.2,118.8,100,118.6,118.8,0.73%,1.69%,-2.13%,-0.16%,-5.92%,-6.03%,2.81%,5.30%,-5.00%,7.67%,-0.016835017
Urban,2015,February,124.3,126.5,119.5,125.6,104.9,121.6,131.8,125.1,95,127.7,116.8,-0.48%,-1.11%,1.34%,0.08%,4.00%,3.45%,-1.82%,-3.36%,3.47%,-4.78%,0.010273973
Rural+Urban,2015,February,123.7,125.1,121.1,125.7,109.1,125.8,129.4,120.9,98.3,121.6,118,-0.32%,-0.32%,-1.82%,0.24%,2.47%,4.05%,-1.08%,-0.83%,0.61%,-1.81%,0.007627119
Rural,2015,March,123.3,124.7,118.9,126,111.8,130.9,128,119.9,98.9,119.4,118.9,0.57%,1.60%,-4.54%,-0.08%,-6.26%,-5.42%,2.66%,6.09%,-5.76%,6.70%,-0.015979815
Urban,2015,March,124,126.7,113.5,125.9,104.8,123.8,131.4,127.2,93.2,127.4,117,-0.40%,-1.03%,2.91%,0.08%,4.20%,3.07%,-1.67%,-3.77%,4.08%,-4.16%,0.009401709
Rural+Urban,2015,March,123.5,125.4,116.8,126,109.2,127.6,129.2,122.4,97,122.1,118.1,-0.16%,0.08%,0.34%,0.63%,2.47%,5.17%,-1.32%,-0.74%,0.82%,-1.88%,0.011007621
Rural,2015,April,123.3,125.5,117.2,126.8,111.9,134.2,127.5,121.5,97.8,119.8,119.4,0.41%,2.15%,-6.14%,-0.39%,-6.61%,-2.68%,2.59%,8.07%,-6.34%,6.59%,-0.018425461
Urban,2015,April,123.8,128.2,110,126.3,104.5,130.6,130.8,131.3,91.6,127.7,117.2,-0.24%,-1.40%,4.00%,0.24%,4.50%,1.45%,-1.68%,-4.95%,4.48%,-4.15%,0.01109215
Rural+Urban,2015,April,123.5,126.4,114.4,126.6,109.2,132.5,128.6,124.8,95.7,122.4,118.5,0.00%,0.55%,2.53%,0.87%,3.02%,1.21%,-0.08%,-0.40%,1.99%,-1.39%,0.014345992
Rural,2015,May,123.5,127.1,117.3,127.7,112.5,134.1,128.5,124.3,97.6,120.7,120.2,0.24%,2.05%,-5.12%,-0.86%,-6.49%,-2.46%,5.53%,14.72%,-6.97%,6.71%,-0.020798669
Urban,2015,May,123.8,129.7,111.3,126.6,105.2,130.8,135.6,142.6,90.8,128.8,117.7,-0.16%,-1.31%,3.32%,0.55%,4.37%,1.38%,-3.47%,-8.49%,4.96%,-4.19%,0.012744265
Rural+Urban,2015,May,123.6,128,115,127.3,109.8,132.6,130.9,130.5,95.3,123.4,119.2,0.40%,1.88%,6.17%,1.10%,3.92%,0.45%,3.28%,1.07%,1.05%,-0.32%,0.015939597
Rural,2015,June,124.1,130.4,122.1,128.7,114.1,133.2,135.2,131.9,96.3,123,121.1,-0.40%,3.07%,-0.98%,-1.09%,-7.10%,-0.68%,8.51%,12.28%,-6.75%,6.10%,-0.025598679
Urban,2015,June,123.6,134.4,120.9,127.3,106,132.3,146.7,148.1,89.8,130.5,118,0.24%,-1.93%,0.58%,0.71%,4.81%,0.38%,-5.18%,-7.22%,4.79%,-3.83%,0.015254237
Rural+Urban,2015,June,123.9,131.8,121.6,128.2,111.1,132.8,139.1,137.4,94.1,125.5,119.8,0.08%,-0.23%,0.33%,0.39%,2.16%,0.38%,1.22%,-2.62%,0.00%,-1.67%,0.010016694
Rural,2015,July,124,131.5,122,128.7,113.5,133.3,140.8,133.8,94.1,123.4,121,-0.65%,2.13%,-2.05%,-0.78%,-6.34%,-0.38%,9.02%,11.73%,-8.93%,6.56%,-0.02231405
Urban,2015,July,123.2,134.3,119.5,127.7,106.3,132.8,153.5,149.5,85.7,131.5,118.3,0.41%,-1.34%,1.26%,0.47%,4.33%,0.23%,-5.47%,-6.96%,6.53%,-4.11%,0.013524937
Rural+Urban,2015,July,123.7,132.5,121,128.3,110.9,133.1,145.1,139.1,91.3,126.1,119.9,0.81%,-0.91%,0.25%,0.39%,2.80%,0.83%,5.86%,-0.86%,1.97%,-1.74%,0.013344454
Rural,2015,August,124.7,131.3,121.3,128.8,114,134.2,153.6,137.9,93.1,123.9,121.5,-1.28%,0.30%,-2.64%,-0.62%,-6.32%,-3.06%,7.75%,13.13%,-8.38%,7.10%,-0.022222222
Urban,2015,August,123.1,131.7,118.1,128,106.8,130.1,165.5,156,85.3,132.7,118.8,0.89%,-0.23%,1.69%,0.39%,4.31%,1.69%,-4.77%,-7.69%,6.10%,-4.45%,0.013468013
Rural+Urban,2015,August,124.2,131.4,120.1,128.5,111.4,132.3,157.6,144,90.5,126.8,120.4,0.72%,-0.23%,0.50%,0.54%,2.96%,0.00%,0.82%,-1.32%,2.21%,-1.10%,0.012458472
Rural,2015,September,125.1,131.1,120.7,129.2,114.7,132.3,158.9,142.1,92.5,125.4,121.9,-1.36%,-1.60%,-4.23%,-0.70%,-6.71%,-6.27%,6.04%,16.40%,-6.70%,7.18%,-0.022969647
Urban,2015,September,123.4,129,115.6,128.3,107,124,168.5,165.4,86.3,134.4,119.1,0.97%,1.09%,2.68%,0.47%,4.58%,3.55%,-3.74%,-9.31%,4.75%,-4.46%,0.013434089
Rural+Urban,2015,September,124.6,130.4,118.7,128.9,111.9,128.4,162.2,150,90.4,128.4,120.7,0.80%,0.00%,1.77%,0.39%,3.49%,3.74%,-2.77%,2.80%,3.65%,-1.40%,0.013256007
Rural,2015,October,125.6,130.4,120.8,129.4,115.8,133.2,157.7,154.2,93.7,126.6,122.3,-1.59%,-1.38%,-4.06%,-0.70%,-5.87%,-6.83%,5.14%,21.40%,-4.59%,7.27%,-0.023712183
Urban,2015,October,123.6,128.6,115.9,128.5,109,124.1,165.8,187.2,89.4,135.8,119.4,1.13%,0.93%,2.59%,0.47%,3.94%,3.95%,-3.26%,-11.70%,3.24%,-4.49%,0.014237856
Rural+Urban,2015,October,125,129.8,118.9,129.1,113.3,129,160.4,165.3,92.3,129.7,121.1,0.88%,0.62%,2.35%,0.31%,3.97%,2.40%,-3.24%,-2.72%,2.38%,-1.08%,0.016515277
Rural,2015,November,126.1,130.6,121.7,129.5,117.8,132.1,155.2,160.8,94.5,128.3,123.1,-1.67%,-0.61%,-0.16%,-0.69%,-6.62%,-6.36%,6.06%,19.15%,-3.92%,6.86%,-0.026807474
Urban,2015,November,124,129.8,121.5,128.6,110,123.7,164.6,191.6,90.8,137.1,119.8,1.13%,0.39%,0.08%,0.47%,4.45%,3.64%,-3.77%,-10.65%,2.75%,-4.30%,0.015859766
Rural+Urban,2015,November,125.4,130.3,121.6,129.2,114.9,128.2,158.4,171.2,93.3,131.2,121.7,0.72%,0.77%,1.40%,0.46%,2.96%,2.65%,-8.14%,-5.32%,2.25%,-1.75%,0.013147083
Rural,2015,December,126.3,131.3,123.3,129.8,118.3,131.6,145.5,162.1,95.4,128.9,123.3,-1.58%,0.30%,3.08%,-0.92%,-7.02%,-8.21%,2.41%,17.27%,-2.83%,7.53%,-0.02514193
Urban,2015,December,124.3,131.7,127.1,128.6,110,120.8,149,190.1,92.7,138.6,120.2,1.13%,-0.23%,-1.81%,0.62%,4.82%,4.80%,-1.54%,-9.78%,1.94%,-4.69%,0.014975042
Rural+Urban,2015,December,125.7,131.4,124.8,129.4,115.3,126.6,146.7,171.5,94.5,132.1,122,0.88%,1.37%,1.36%,0.70%,3.12%,3.95%,-4.50%,-4.49%,3.39%,-1.89%,0.018852459
Rural,2016,January,126.8,133.2,126.5,130.3,118.9,131.6,140.1,163.8,97.7,129.6,124.3,-1.66%,2.03%,4.35%,-0.84%,-7.74%,-9.57%,2.86%,12.45%,-1.02%,7.64%,-0.030571199
Urban,2016,January,124.7,135.9,132,129.2,109.7,119,144.1,184.2,96.7,139.5,120.5,1.12%,-1.32%,-2.58%,0.54%,5.29%,5.63%,-1.80%,-7.33%,0.72%,-4.73%,0.018257261
Rural+Urban,2016,January,126.1,134.1,128.6,129.9,115.5,125.7,141.5,170.7,97.4,132.9,122.7,0.79%,-0.30%,-0.70%,0.62%,2.60%,3.74%,-7.49%,-4.63%,1.33%,-1.73%,0.017114914
Rural,2016,February,127.1,133.7,127.7,130.7,118.5,130.4,130.9,162.8,98.7,130.6,124.8,-1.81%,1.05%,2.04%,-0.84%,-8.52%,-9.05%,-1.30%,8.35%,0.41%,6.97%,-0.033653846
Urban,2016,February,124.8,135.1,130.3,129.6,108.4,118.6,129.2,176.4,99.1,139.7,120.6,1.28%,-0.67%,-1.23%,0.54%,5.90%,5.31%,0.85%,-5.10%,-0.30%,-4.37%,0.019900498
Rural+Urban,2016,February,126.4,134.2,128.7,130.3,114.8,124.9,130.3,167.4,98.8,133.6,123,0.71%,0.15%,-2.80%,0.15%,3.05%,5.44%,0.31%,-3.70%,1.62%,-2.10%,0.015447154
Rural,2016,March,127.3,134.4,125.1,130.5,118.3,131.7,130.7,161.2,100.4,130.8,124.9,-1.96%,1.41%,-1.12%,-0.61%,-8.79%,-8.96%,-1.99%,5.65%,1.39%,7.11%,-0.033626902
Urban,2016,March,124.8,136.3,123.7,129.7,107.9,119.9,128.1,170.3,101.8,140.1,120.7,1.36%,-0.88%,0.73%,0.39%,6.12%,5.25%,1.33%,-3.52%,-0.88%,-4.43%,0.01988401
Rural+Urban,2016,March,126.5,135.1,124.6,130.2,114.5,126.2,129.8,164.3,100.9,133.9,123.1,0.71%,0.22%,-0.96%,0.84%,3.23%,9.43%,3.31%,-0.97%,4.06%,-1.87%,0.018683997
Rural,2016,April,127.4,135.4,123.4,131.3,118.2,138.1,134.1,162.7,105,131.4,125.4,-1.96%,2.88%,-2.84%,-0.84%,-7.87%,-5.07%,2.01%,8.73%,3.90%,6.85%,-0.034290271
Urban,2016,April,124.9,139.3,119.9,130.2,108.9,131.1,136.8,176.9,109.1,140.4,121.1,1.36%,-1.79%,1.75%,0.54%,5.42%,2.82%,-1.32%,-5.31%,-2.47%,-4.27%,0.020644096
Rural+Urban,2016,April,126.6,136.8,122,130.9,114.8,134.8,135,167.5,106.4,134.4,123.6,0.79%,0.51%,1.97%,1.15%,2.96%,2.45%,5.04%,-0.90%,1.03%,-1.64%,0.020226537
Rural,2016,May,127.6,137.5,124.4,132.4,118.2,138.1,141.8,166,107.5,132.2,126.1,-2.04%,3.35%,2.09%,-1.51%,-7.28%,-3.33%,6.77%,10.12%,3.35%,7.03%,-0.036478985
Urban,2016,May,125,142.1,127,130.4,109.6,133.5,151.4,182.8,111.1,141.5,121.5,1.44%,-2.11%,-1.26%,1.00%,4.93%,1.87%,-4.16%,-6.07%,-2.16%,-4.38%,0.022222222
Rural+Urban,2016,May,126.8,139.1,125.4,131.7,115,136,145.1,171.7,108.7,135.3,124.2,1.42%,-0.36%,0.96%,1.44%,3.13%,1.03%,5.10%,-1.46%,0.09%,-1.63%,0.017713366
Rural,2016,June,128.6,138.6,126.6,133.6,118.6,137.4,152.5,169.2,108.8,133.1,126.4,-2.10%,3.82%,3.40%,-1.95%,-7.08%,-1.38%,13.90%,8.98%,2.94%,7.29%,-0.037974684
Urban,2016,June,125.9,143.9,130.9,131,110.2,135.5,173.7,184.4,112,142.8,121.6,1.43%,-2.36%,-1.99%,1.22%,4.81%,0.74%,-8.06%,-5.48%,-1.88%,-4.55%,0.023026316
Rural+Urban,2016,June,127.7,140.5,128.3,132.6,115.5,136.5,159.7,174.3,109.9,136.3,124.4,1.25%,-0.71%,1.01%,1.43%,3.46%,1.47%,-0.94%,-1.43%,0.36%,-1.47%,0.023311897
Rural,2016,July,129.3,139.5,129.6,134.5,119.5,138.5,158.2,171.8,110.3,134.3,127.3,-1.93%,3.37%,5.40%,-2.01%,-7.11%,-1.08%,13.46%,9.66%,2.72%,7.15%,-0.043990573
Urban,2016,July,126.8,144.2,136.6,131.8,111,137,179.5,188.4,113.3,143.9,121.7,1.34%,-2.08%,-3.15%,1.29%,4.86%,0.58%,-7.86%,-5.84%,-1.77%,-4.45%,0.027115859
Rural+Urban,2016,July,128.5,141.2,132.3,133.5,116.4,137.8,165.4,177.4,111.3,137.5,125,1.25%,-1.70%,-1.51%,1.35%,3.01%,1.74%,-5.14%,-2.93%,0.72%,-1.89%,0.0248
Rural,2016,August,130.1,138.8,130.3,135.3,119.9,140.2,156.9,172.2,112.1,134.9,128.1,-1.92%,1.08%,2.61%,-2.29%,-6.76%,-3.14%,4.21%,5.87%,2.23%,7.19%,-0.048399688
Urban,2016,August,127.6,140.3,133.7,132.2,111.8,135.8,163.5,182.3,114.6,144.6,121.9,1.33%,-0.71%,-1.57%,1.44%,4.56%,1.69%,-2.69%,-3.68%,-1.48%,-4.50%,0.029532404
Rural+Urban,2016,August,129.3,139.3,131.6,134.1,116.9,138.1,159.1,175.6,112.9,138.1,125.5,1.16%,-0.79%,-0.84%,1.04%,2.82%,0.80%,-6.03%,-2.96%,0.18%,-1.67%,0.026294821
Rural,2016,September,130.8,138.2,130.5,135.5,120.2,139.2,149.5,170.4,113.1,135.8,128.8,-2.06%,-0.36%,0.08%,-2.14%,-6.91%,-4.81%,2.27%,1.88%,1.77%,6.63%,-0.052018634
Urban,2016,September,128.1,137.7,130.6,132.6,111.9,132.5,152.9,173.6,115.1,144.8,122.1,1.41%,0.22%,-0.08%,1.36%,4.74%,2.72%,-1.44%,-1.21%,-1.13%,-4.14%,0.031941032
Rural+Urban,2016,September,129.9,138,130.5,134.4,117.2,136.1,150.7,171.5,113.8,138.8,126,1.08%,-0.29%,-0.31%,1.19%,3.07%,1.69%,-1.00%,-0.76%,-0.35%,-1.80%,0.021428571
Rural,2016,October,131.3,137.6,130.1,136,120.8,138.4,149.2,170.2,113.4,136.3,128.7,-1.98%,0.58%,0.15%,-2.43%,-6.87%,-5.78%,3.95%,3.23%,1.76%,6.60%,-0.048174048
Urban,2016,October,128.7,138.4,130.3,132.7,112.5,130.4,155.1,175.7,115.4,145.3,122.5,1.40%,-0.36%,-0.08%,1.58%,4.71%,3.30%,-2.51%,-2.05%,-1.13%,-4.13%,0.029387755
Rural+Urban,2016,October,130.5,137.9,130.2,134.8,117.8,134.7,151.2,172.1,114.1,139.3,126.1,1.15%,-0.36%,0.31%,1.04%,2.80%,1.63%,-6.22%,-1.22%,-0.61%,-1.79%,0.020618557
Rural,2016,November,132,137.4,130.6,136.2,121.1,136.9,141.8,170,113.4,136.8,128.7,-1.36%,0.80%,2.68%,-2.42%,-7.02%,-4.46%,0.14%,2.88%,1.94%,6.29%,-0.046620047
Urban,2016,November,130.2,138.5,134.1,132.9,112.6,130.8,142,174.9,115.6,145.4,122.7,0.92%,-0.51%,-1.57%,1.58%,4.80%,2.52%,-0.07%,-1.83%,-1.30%,-3.92%,0.028524857
Rural+Urban,2016,November,131.4,137.8,132,135,118,134.1,141.9,171.7,114.1,139.7,126.2,0.91%,-0.36%,-0.30%,0.96%,3.05%,1.12%,-10.15%,-2.21%,-0.26%,-1.57%,0.022979398
Rural,2016,December,132.6,137.3,131.6,136.3,121.6,135.6,127.5,167.9,113.8,137.5,129.1,-0.75%,0.66%,2.51%,-2.35%,-6.66%,-4.65%,-5.02%,1.43%,1.49%,5.82%,-0.0464756
Urban,2016,December,131.6,138.2,134.9,133.1,113.5,129.3,121.1,170.3,115.5,145.5,123.1,0.53%,-0.43%,-1.48%,1.50%,4.49%,2.63%,3.47%,-0.94%,-0.95%,-3.64%,0.028432169
Rural+Urban,2016,December,132.3,137.6,132.9,135.1,118.6,132.7,125.3,168.7,114.4,140.2,126.6,0.60%,0.15%,-0.75%,1.18%,2.87%,2.49%,-4.39%,-4.15%,0.35%,-2.35%,0.018957346
Rural,2017,January,133.1,137.8,131.9,136.7,122,136,119.8,161.7,114.8,136.9,129,-0.68%,0.80%,0.53%,-2.63%,-6.56%,-4.71%,-0.92%,-4.08%,2.18%,5.84%,-0.04496124
Urban,2017,January,132.2,138.9,132.6,133.1,114,129.6,118.7,155.1,117.3,144.9,123.2,0.45%,-0.50%,-0.30%,1.73%,4.47%,2.62%,0.59%,2.84%,-1.45%,-3.66%,0.027597403
Rural+Urban,2017,January,132.8,138.2,132.2,135.4,119.1,133,119.4,159.5,115.6,139.6,126.6,0.38%,0.07%,-2.19%,1.33%,2.52%,4.29%,-0.25%,-1.63%,0.52%,-2.58%,0.022116904
Rural,2017,February,133.3,138.3,129.3,137.2,122.1,138.7,119.1,156.9,116.2,136,129.4,-0.38%,1.08%,0.00%,-2.70%,-6.39%,-5.26%,0.92%,-8.80%,2.84%,5.88%,-0.046367852
Urban,2017,February,132.8,139.8,129.3,133.5,114.3,131.4,120.2,143.1,119.5,144,123.4,0.23%,-0.72%,0.00%,1.72%,4.29%,2.97%,-0.58%,6.36%,-1.84%,-3.68%,0.028363047
Rural+Urban,2017,February,133.1,138.8,129.3,135.8,119.2,135.3,119.5,152.2,117.3,138.7,126.9,0.38%,0.00%,-0.39%,1.03%,2.01%,3.25%,0.17%,-2.76%,-0.34%,-2.24%,0.02285264
Rural,2017,March,133.6,138.8,128.8,137.2,121.6,139.7,119.7,148,116.9,135.6,129.8,-0.67%,0.43%,-0.31%,-1.68%,-6.25%,-2.08%,2.09%,-8.24%,2.91%,5.16%,-0.047765794
Urban,2017,March,132.7,139.4,128.4,134.9,114,136.8,122.2,135.8,120.3,142.6,123.6,0.45%,-0.29%,0.16%,1.04%,4.21%,1.10%,-1.39%,5.96%,-1.91%,-3.30%,0.029126214
Rural+Urban,2017,March,133.3,139,128.6,136.3,118.8,138.3,120.5,143.9,118,137.9,127.2,-0.08%,-0.22%,-1.17%,1.03%,2.10%,2.53%,0.83%,0.42%,-0.51%,-2.76%,0.022012579
Rural,2017,April,133.2,138.7,127.1,137.7,121.3,141.8,121.5,144.5,117.4,134.1,130,-0.38%,1.37%,-2.05%,-1.02%,-6.43%,-2.89%,4.61%,-7.40%,2.90%,5.37%,-0.047692308
Urban,2017,April,132.7,140.6,124.5,136.3,113.5,137.7,127.1,133.8,120.8,141.3,123.8,0.23%,-0.85%,1.29%,0.66%,4.32%,1.60%,-2.91%,5.31%,-1.90%,-3.40%,0.02907916
Rural+Urban,2017,April,133,139.4,126.1,137.2,118.4,139.9,123.4,140.9,118.5,136.5,127.4,0.08%,0.65%,0.56%,0.73%,2.03%,0.21%,0.32%,0.64%,0.08%,-1.83%,0.022762951
Rural,2017,May,133.1,140.3,126.8,138.2,120.8,140.2,123.8,141.8,118.6,134,130.3,-0.38%,2.71%,-0.95%,-1.01%,-6.13%,-3.57%,4.36%,-7.26%,2.02%,4.40%,-0.049884881
Urban,2017,May,132.6,144.1,125.6,136.8,113.4,135.2,129.2,131.5,121,139.9,123.8,0.23%,-1.73%,0.56%,0.66%,4.14%,2.00%,-2.79%,5.17%,-1.32%,-2.79%,0.030694669
Rural+Urban,2017,May,132.9,141.6,126.3,137.7,118.1,137.9,125.6,138.3,119.4,136,127.6,0.45%,1.48%,1.35%,0.65%,2.37%,2.18%,2.55%,1.37%,-0.42%,-1.84%,0.021943574
Rural,2017,June,133.5,143.7,128,138.6,120.9,140.9,128.8,140.2,118.9,133.5,130.4,-0.45%,3.48%,0.23%,-0.94%,-6.12%,-2.63%,10.40%,-8.56%,1.68%,3.97%,-0.047546012
Urban,2017,June,132.9,148.7,128.3,137.3,113.5,137.2,142.2,128.2,120.9,138.8,124.2,0.30%,-2.15%,-0.16%,0.58%,4.14%,1.46%,-6.26%,6.24%,-1.08%,-2.52%,0.028985507
Rural+Urban,2017,June,133.3,145.5,128.1,138.1,118.2,139.2,133.3,136.2,119.6,135.3,127.8,0.53%,-0.89%,1.33%,0.65%,2.28%,3.38%,13.65%,1.40%,0.33%,-1.03%,0.028169014
Rural,2017,July,134,144.2,129.8,139,120.9,143.9,151.5,138.1,120,133.9,131.4,-0.90%,2.91%,-0.31%,-0.94%,-6.20%,-3.13%,15.58%,-9.70%,1.25%,2.91%,-0.053272451
Urban,2017,July,132.8,148.4,129.4,137.7,113.4,139.4,175.1,124.7,121.5,137.8,124.4,0.60%,-1.82%,0.15%,0.58%,4.14%,1.72%,-8.91%,7.14%,-0.82%,-1.89%,0.032958199
Rural+Urban,2017,July,133.6,145.7,129.6,138.5,118.1,141.8,159.5,133.6,120.5,135.2,128.5,0.90%,-1.78%,0.31%,0.65%,2.03%,4.37%,2.13%,2.84%,0.25%,-0.37%,0.024124514
Rural,2017,August,134.8,143.1,130,139.4,120.5,148,162.9,137.4,120.8,134.7,131.6,-1.19%,0.56%,-1.31%,-0.79%,-5.31%,-3.58%,10.37%,-10.12%,1.08%,2.08%,-0.053191489
Urban,2017,August,133.2,143.9,128.3,138.3,114.1,142.7,179.8,123.5,122.1,137.5,124.6,0.83%,-0.35%,0.78%,0.51%,3.51%,1.96%,-6.23%,7.45%,-0.74%,-1.38%,0.032905297
Rural+Urban,2017,August,134.3,143.4,129.3,139,118.1,145.5,168.6,132.7,121.2,135.6,128.7,0.67%,-0.98%,0.93%,0.86%,2.20%,1.58%,-8.36%,3.32%,-0.17%,-0.66%,0.023310023
Rural,2017,September,135.2,142,130.5,140.2,120.7,147.8,154.5,137.1,121,134.7,131.7,-1.18%,0.70%,-0.61%,-1.07%,-5.14%,-6.97%,4.01%,-9.19%,1.16%,1.93%,-0.0523918
Urban,2017,September,133.6,143,129.7,138.7,114.5,137.5,160.7,124.5,122.4,137.3,124.8,0.82%,-0.42%,0.39%,0.65%,3.41%,4.00%,-2.55%,6.75%,-0.74%,-1.24%,0.032051282
Rural+Urban,2017,September,134.7,142.4,130.2,139.6,118.4,143,156.6,132.9,121.5,135.6,128.8,0.89%,-0.35%,0.61%,1.36%,2.53%,2.59%,0.32%,2.63%,-0.08%,0.00%,0.019409938
Rural,2017,October,135.9,141.9,131,141.5,121.4,146.7,157.1,136.4,121.4,135.6,131.3,-1.47%,0.63%,0.31%,-1.70%,-5.35%,-7.57%,10.25%,-9.02%,0.99%,1.62%,-0.047220107
Urban,2017,October,133.9,142.8,131.4,139.1,114.9,135.6,173.2,124.1,122.6,137.8,125.1,1.05%,-0.42%,-0.15%,1.08%,3.57%,4.35%,-6.12%,6.61%,-0.65%,-1.09%,0.028776978
Rural+Urban,2017,October,135.3,142.2,131.2,140.6,119,141.5,162.6,132.3,121.8,136.3,128.7,0.74%,0.21%,7.09%,0.64%,2.18%,4.10%,3.32%,2.65%,0.57%,-0.22%,0.024864025
Rural,2017,November,136.3,142.5,140.5,141.5,121.6,147.3,168,135.8,122.5,136,131.9,-1.47%,-0.28%,4.41%,-1.41%,-5.26%,-7.40%,10.24%,-10.01%,1.14%,1.69%,-0.049279757
Urban,2017,November,134.3,142.1,146.7,139.5,115.2,136.4,185.2,122.2,123.9,138.3,125.4,1.04%,0.21%,-2.59%,0.93%,3.47%,4.25%,-6.16%,7.36%,-0.73%,-1.08%,0.03030303
Rural+Urban,2017,November,135.7,142.4,142.9,140.8,119.2,142.2,173.8,131.2,123,136.8,129.2,0.52%,0.91%,1.33%,0.78%,3.27%,3.52%,-7.36%,1.98%,-0.89%,-0.73%,0.014705882
Rural,2017,December,136.4,143.7,144.8,141.9,123.1,147.2,161,133.8,121.9,135.8,131.1,-1.47%,-0.77%,0.76%,-1.69%,-5.85%,-8.29%,1.37%,-10.46%,-0.98%,2.87%,-0.041189931
Urban,2017,December,134.4,142.6,145.9,139.5,115.9,135,163.2,119.8,120.7,139.7,125.7,1.04%,0.49%,-0.48%,1.08%,3.97%,4.81%,-0.92%,7.76%,0.66%,-1.86%,0.024661893
Rural+Urban,2017,December,135.8,143.3,145.2,141,120.5,141.5,161.7,129.1,121.5,137.1,128.8,0.59%,0.77%,-0.96%,0.71%,2.24%,4.52%,-5.94%,2.09%,-1.65%,-0.80%,0.01863354
Rural,2018,January,136.6,144.4,143.8,142,123.2,147.9,152.1,131.8,119.5,136,131.2,-1.46%,-0.48%,-0.14%,-1.69%,-5.52%,-9.53%,-1.05%,-10.17%,-1.84%,3.31%,-0.040396341
Urban,2018,January,134.6,143.7,143.6,139.6,116.4,133.8,150.5,118.4,117.3,140.5,125.9,1.04%,0.35%,0.07%,1.07%,3.69%,5.61%,0.73%,7.52%,1.28%,-2.14%,0.024622716
Rural+Urban,2018,January,136,144.2,143.7,141.1,120.7,141.3,151.6,127.3,118.8,137.5,129,0.29%,-0.35%,-2.16%,0.28%,1.82%,5.73%,-6.07%,2.28%,-0.76%,-1.38%,0.011627907
Rural,2018,February,136.4,143.7,140.6,141.5,122.9,149.4,142.4,130.2,117.9,135.6,130.5,-1.17%,-0.49%,-0.50%,-1.13%,-5.45%,-9.30%,-3.86%,-10.14%,-2.12%,3.76%,-0.035249042
Urban,2018,February,134.8,143,139.9,139.9,116.2,135.5,136.9,117,115.4,140.7,125.9,0.82%,0.35%,0.29%,0.71%,3.61%,5.46%,2.63%,7.52%,1.47%,-2.42%,0.021445592
Rural+Urban,2018,February,135.9,143.5,140.3,140.9,120.4,142.9,140.5,125.8,117.1,137.3,128.6,0.66%,0.21%,-0.21%,0.78%,2.33%,7.00%,-1.78%,2.78%,0.00%,-0.73%,0.020217729
Rural,2018,March,136.8,143.8,140,142,123.2,152.9,138,129.3,117.1,136.3,131.2,-1.32%,-0.49%,-3.21%,-1.48%,-5.44%,-9.42%,-7.25%,-10.67%,-2.48%,3.23%,-0.038109756
Urban,2018,March,135,143.1,135.5,139.9,116.5,138.5,128,115.5,114.2,140.7,126.2,0.89%,0.35%,2.07%,0.93%,3.61%,5.56%,5.16%,7.88%,1.66%,-2.06%,0.022979398
Rural+Urban,2018,March,136.2,143.6,138.3,141.2,120.7,146.2,134.6,124.6,116.1,137.8,129.1,0.66%,0.63%,-1.74%,0.85%,2.32%,6.98%,0.37%,3.05%,-0.78%,-0.44%,0.021688613
Rural,2018,April,137.1,144.5,135.9,142.4,123.5,156.4,135.1,128.4,115.2,137.2,131.9,-1.53%,-0.14%,-3.75%,-1.47%,-5.59%,-4.03%,-5.55%,-11.21%,-3.99%,2.19%,-0.040940106
Urban,2018,April,135,144.3,130.8,140.3,116.6,150.1,127.6,114,110.6,140.2,126.5,1.04%,0.07%,2.37%,0.93%,3.77%,2.27%,3.92%,8.33%,2.80%,-1.43%,0.024505929
Rural+Urban,2018,April,136.4,144.4,133.9,141.6,121,153.5,132.6,123.5,113.7,138.2,129.6,0.73%,0.90%,1.19%,0.92%,2.15%,2.61%,3.92%,3.00%,-1.67%,-0.58%,0.020061728
Rural,2018,May,137.4,145.7,135.5,142.9,123.6,157.5,137.8,127.2,111.8,137.4,132.2,-1.75%,1.72%,-3.69%,-1.54%,-5.83%,-3.94%,-4.64%,-11.32%,-5.81%,1.60%,-0.042360061
Urban,2018,May,135,148.2,130.5,140.7,116.4,151.3,131.4,112.8,105.3,139.6,126.6,1.19%,-1.08%,2.38%,1.00%,3.95%,2.18%,3.20%,8.42%,4.08%,-1.07%,0.026066351
Rural+Urban,2018,May,136.6,146.6,133.6,142.1,121,154.6,135.6,122.3,109.6,138.1,129.9,0.73%,1.02%,2.32%,0.77%,2.48%,-0.32%,5.83%,3.03%,2.55%,-0.36%,0.022324865
Rural,2018,June,137.6,148.1,136.7,143.2,124,154.1,143.5,126,112.4,137.6,132.8,-1.67%,1.08%,-2.05%,-1.68%,-5.97%,-1.23%,0.35%,-10.87%,-3.56%,1.74%,-0.045933735
Urban,2018,June,135.3,149.7,133.9,140.8,116.6,152.2,144,112.3,108.4,140,126.7,1.18%,-0.67%,1.27%,1.07%,4.03%,0.66%,-0.21%,8.10%,2.49%,-1.14%,0.028413575
Rural+Urban,2018,June,136.9,148.7,135.6,142.3,121.3,153.2,143.7,121.4,111.1,138.4,130.3,1.10%,0.40%,2.73%,0.77%,2.31%,0.07%,7.31%,4.12%,2.88%,-0.14%,0.019186493
Rural,2018,July,138.4,149.3,139.3,143.4,124.1,153.3,154.2,126.4,114.3,138.2,132.8,-2.02%,-0.47%,-0.14%,-1.67%,-5.96%,-2.35%,3.24%,-10.92%,-2.19%,1.52%,-0.045180723
Urban,2018,July,135.6,148.6,139.1,141,116.7,149.7,159.2,112.6,111.8,140.3,126.8,1.40%,0.34%,0.07%,1.06%,4.03%,1.27%,-2.07%,8.08%,1.52%,-1.00%,0.027602524
Rural+Urban,2018,July,137.5,149.1,139.2,142.5,121.4,151.6,155.9,121.7,113.5,138.9,130.3,1.24%,-0.20%,-0.07%,0.70%,2.97%,1.85%,0.26%,4.19%,1.67%,-0.22%,0.02686109
Rural,2018,August,139.2,148.8,139.1,143.5,125,154.4,156.3,126.8,115.4,138.6,133.8,-1.94%,-1.61%,-1.80%,-1.60%,-6.08%,-5.25%,0.64%,-10.41%,-1.82%,1.80%,-0.047832586
Urban,2018,August,136.5,146.4,136.6,141.2,117.4,146.3,157.3,113.6,113.3,141.1,127.4,1.32%,1.09%,1.10%,0.99%,4.09%,2.94%,-0.45%,7.75%,1.24%,-1.20%,0.029042386
Rural+Urban,2018,August,138.3,148,138.1,142.6,122.2,150.6,156.6,122.4,114.7,139.4,131.1,0.80%,-0.54%,-1.09%,0.77%,1.96%,-0.33%,-4.60%,2.45%,-0.26%,-0.50%,0.01525553
Rural,2018,September,139.4,147.2,136.6,143.7,124.6,150.1,149.4,125.4,114.4,138.7,133.1,-1.72%,-2.79%,-2.78%,-1.53%,-5.46%,-6.73%,1.27%,-9.49%,-1.84%,1.80%,-0.040570999
Urban,2018,September,137,143.1,132.8,141.5,117.8,140,151.3,113.5,112.3,141.2,127.7,1.17%,1.89%,1.73%,0.99%,3.65%,3.86%,-0.86%,6.96%,1.25%,-1.20%,0.024275646
Rural+Urban,2018,September,138.6,145.8,135.1,142.9,122.1,145.4,150,121.4,113.7,139.5,130.8,0.51%,1.23%,-0.37%,-0.70%,1.15%,-0.62%,-1.60%,0.00%,-1.23%,0.00%,0.029051988
Rural,2018,October,139.3,147.6,134.6,141.9,123.5,144.5,147.6,121.4,112.3,139.5,134.6,-1.22%,-1.83%,-0.82%,-0.28%,-4.45%,-3.46%,3.66%,-6.75%,0.45%,1.15%,-0.052005944
Urban,2018,October,137.6,144.9,133.5,141.5,118,139.5,153,113.2,112.8,141.1,127.6,-0.15%,3.17%,2.85%,0.28%,2.63%,2.15%,-4.12%,5.21%,-0.80%,-0.07%,0.047021944
Rural+Urban,2018,October,137.4,149.5,137.3,141.9,121.1,142.5,146.7,119.1,111.9,141,133.6,-0.22%,0.87%,-0.44%,0.00%,1.40%,0.98%,0.55%,1.60%,-0.27%,-0.28%,0.029191617
Rural,2018,November,137.1,150.8,136.7,141.9,122.8,143.9,147.5,121,111.6,140.6,137.5,0.73%,-2.98%,0.80%,-0.21%,-3.83%,-1.67%,-1.56%,-4.71%,0.81%,0.57%,-0.069090909
Urban,2018,November,138.1,146.3,137.8,141.6,118.1,141.5,145.2,115.3,112.5,141.4,128,-0.51%,1.98%,-0.51%,0.14%,2.54%,0.92%,1.03%,3.30%,-0.53%,-0.35%,0.04296875
Rural+Urban,2018,November,137.4,149.2,137.1,141.8,121.1,142.8,146.7,119.1,111.9,140.9,133.5,-0.22%,1.81%,0.22%,0.42%,2.56%,-1.82%,-6.88%,1.51%,-1.79%,-0.50%,0.032209738
Rural,2018,December,137.1,151.9,137.4,142.4,124.2,140.2,136.6,120.9,109.9,140.2,137.8,1.02%,-2.70%,2.69%,-0.56%,-4.91%,-1.21%,-3.07%,-2.81%,1.00%,0.93%,-0.070391872
Urban,2018,December,138.5,147.8,141.1,141.6,118.1,138.5,132.4,117.5,111,141.5,128.1,-0.72%,1.83%,-1.63%,0.35%,3.30%,0.65%,2.11%,1.96%,-0.63%,-0.64%,0.044496487
Rural+Urban,2018,December,137.5,150.5,138.8,142.1,122,139.4,135.2,119.8,110.3,140.6,133.8,-0.65%,1.33%,-0.43%,0.21%,1.56%,-2.80%,-2.59%,1.25%,-1.72%,-1.21%,0.023916293
Rural,2019,January,136.6,152.5,138.2,142.4,123.9,135.5,131.7,121.3,108.4,138.9,137,1.24%,-2.03%,3.84%,-0.49%,-4.68%,-0.22%,-0.91%,-2.56%,1.85%,1.08%,-0.064963504
Urban,2019,January,138.3,149.4,143.5,141.7,118.1,135.2,130.5,118.2,110.4,140.4,128.1,-0.87%,1.34%,-2.30%,0.28%,3.13%,0.15%,0.61%,1.78%,-1.18%,-0.71%,0.040593286
Rural+Urban,2019,January,137.1,151.4,140.2,142.1,121.8,135.4,131.3,120.3,109.1,139.4,133.3,-0.22%,1.06%,-0.78%,0.28%,1.89%,0.30%,-1.98%,1.00%,-0.73%,-0.14%,0.030757689
Rural,2019,February,136.8,153,139.1,142.5,124.1,135.8,128.7,121.5,108.3,139.2,137.4,1.90%,-1.90%,4.46%,-0.56%,-4.59%,0.88%,2.25%,-1.32%,1.94%,1.15%,-0.066229985
Urban,2019,February,139.4,150.1,145.3,141.7,118.4,137,131.6,119.9,110.4,140.8,128.3,-1.29%,1.27%,-2.62%,0.35%,3.04%,-0.44%,-1.44%,0.92%,-1.27%,-0.78%,0.041309431
Rural+Urban,2019,February,137.6,152,141.5,142.2,122,136.4,129.7,121,109,139.7,133.6,-0.51%,1.38%,-1.98%,0.21%,1.72%,-0.22%,-1.16%,1.07%,-0.64%,-0.57%,0.028443114
Rural,2019,March,136.9,154.1,138.7,142.5,124.1,136.1,128.2,122.3,108.3,138.9,137.4,2.05%,-1.95%,3.03%,-0.42%,-4.59%,2.42%,10.14%,-1.31%,1.94%,1.30%,-0.064774381
Urban,2019,March,139.7,151.1,142.9,141.9,118.4,139.4,141.2,120.7,110.4,140.7,128.5,-1.36%,1.26%,-1.82%,0.28%,3.04%,-1.29%,-6.09%,0.91%,-1.27%,-0.85%,0.040466926
Rural+Urban,2019,March,137.8,153,140.3,142.3,122,137.6,132.6,121.8,109,139.5,133.7,-0.29%,4.25%,-4.13%,0.21%,1.64%,4.43%,0.60%,2.71%,0.28%,-0.14%,0.029917726
Rural,2019,May,137.4,159.5,134.5,142.6,124,143.7,133.4,125.1,109.3,139.3,137.7,2.18%,-1.76%,2.83%,-0.14%,-4.35%,4.18%,21.14%,-0.56%,1.74%,1.22%,-0.063907044
Urban,2019,May,140.4,156.7,138.3,142.4,118.6,149.7,161.6,124.4,111.2,141,128.9,-1.50%,1.15%,-1.66%,0.07%,2.87%,-2.14%,-11.51%,0.40%,-1.17%,-0.78%,0.039565555
Rural+Urban,2019,May,138.3,158.5,136,142.5,122,146.5,143,124.9,109.9,139.9,134,-0.36%,3.15%,0.15%,0.49%,1.89%,-2.18%,-1.68%,3.04%,0.64%,0.36%,0.029850746
Rural,2019,June,137.8,163.5,136.2,143.2,124.3,143.3,140.6,128.7,110.6,140.4,138,2.10%,-2.39%,3.08%,0.14%,-4.59%,5.30%,20.77%,-1.01%,1.08%,0.43%,-0.065217391
Urban,2019,June,140.7,159.6,140.4,143.4,118.6,150.9,169.8,127.4,111.8,141,129,-1.42%,1.57%,-1.85%,-0.07%,3.04%,-2.72%,-11.37%,0.71%,-0.72%,-0.28%,0.040310078
Rural+Urban,2019,June,138.7,162.1,137.8,143.3,122.2,146.8,150.5,128.3,111,140.6,134.2,-0.22%,1.17%,0.44%,0.42%,1.80%,-0.27%,-0.27%,1.79%,-0.18%,0.78%,0.032041729
Rural,2019,July,138.4,164,138.4,143.9,124.4,146.4,150.1,130.6,110.8,141.7,138.5,2.17%,-2.32%,2.96%,0.14%,-4.10%,5.67%,19.99%,-1.30%,0.90%,-0.07%,-0.064981949
Urban,2019,July,141.4,160.2,142.5,144.1,119.3,154.7,180.1,128.9,111.8,141.6,129.5,-1.49%,1.56%,-1.75%,-0.07%,2.68%,-2.84%,-10.99%,0.85%,-0.63%,0.07%,0.04015444
Rural+Urban,2019,July,139.3,162.7,140,144,122.5,150.3,160.3,130,111.1,141.7,134.7,-0.07%,-0.49%,-2.07%,0.42%,1.80%,-3.19%,-2.56%,1.15%,0.54%,0.71%,0.028210839
Rural,2019,August,139.2,161.9,137.1,144.6,124.7,145.5,156.2,131.5,111.7,142.7,138.5,2.08%,-2.22%,2.70%,0.21%,-3.85%,5.77%,21.06%,-1.29%,0.90%,-0.14%,-0.062815884
Urban,2019,August,142.1,158.3,140.8,144.9,119.9,153.9,189.1,129.8,112.7,142.5,129.8,-1.41%,1.45%,-1.63%,-0.14%,2.50%,-2.92%,-11.48%,0.85%,-0.62%,0.07%,0.039291217
Rural+Urban,2019,August,140.1,160.6,138.5,144.7,122.9,149.4,167.4,130.9,112,142.6,134.9,0.00%,0.81%,-0.14%,0.69%,1.79%,-3.75%,-2.39%,0.99%,0.71%,1.12%,0.026686434
Rural,2019,September,140.1,161.9,138.3,145.7,125.1,143.8,163.4,132.2,112.8,144.2,138.5,1.86%,-1.98%,2.39%,-0.55%,-3.44%,4.17%,17.75%,-1.44%,1.06%,-0.28%,-0.061371841
Urban,2019,September,142.7,158.7,141.6,144.9,120.8,149.8,192.4,130.3,114,143.8,130,-1.26%,1.32%,-1.41%,0.35%,2.24%,-2.14%,-9.98%,1.00%,-0.70%,0.21%,0.038461538
Rural+Urban,2019,September,140.9,160.8,139.6,145.4,123.5,146.6,173.2,131.6,113.2,144.1,135,0.07%,0.50%,1.15%,0.76%,1.70%,-0.61%,3.23%,1.14%,0.35%,0.97%,0.026666667
Rural,2019,October,141,161.6,141.2,146.5,125.6,145.7,178.8,133.1,113.6,145.5,138.6,1.77%,-1.11%,2.48%,-0.61%,-3.58%,3.36%,15.88%,-1.43%,1.06%,-0.21%,-0.060606061
Urban,2019,October,143.5,159.8,144.7,145.6,121.1,150.6,207.2,131.2,114.8,145.2,130.2,-1.18%,0.75%,-1.45%,0.41%,2.31%,-1.73%,-9.07%,0.99%,-0.70%,0.14%,0.037634409
Rural+Urban,2019,October,141.8,161,142.6,146.2,123.9,148,188.4,132.5,114,145.4,135.1,0.00%,1.68%,0.84%,0.62%,1.69%,-1.22%,1.59%,2.79%,-0.18%,1.31%,0.026646928
Rural,2019,November,141.8,163.7,143.8,147.1,126,146.2,191.4,136.2,113.8,147.3,138.7,1.62%,-0.79%,3.20%,-0.82%,-3.57%,1.78%,12.70%,-1.17%,1.05%,-0.68%,-0.059120404
Urban,2019,November,144.1,162.4,148.4,145.9,121.5,148.8,215.7,134.6,115,146.3,130.5,-1.11%,0.49%,-1.89%,0.55%,2.30%,-0.94%,-7.46%,0.82%,-0.70%,0.48%,0.036781609
Rural+Urban,2019,November,142.5,163.2,145.6,146.7,124.3,147.4,199.6,135.7,114.2,147,135.3,0.21%,1.29%,2.68%,1.36%,2.57%,-2.10%,4.96%,2.28%,-0.53%,1.43%,0.029563932
Rural,2019,December,142.8,165.3,149.5,148.7,127.5,144.3,209.5,138.8,113.6,149.1,139.3,1.47%,-0.48%,2.81%,-0.81%,-3.76%,2.01%,10.50%,-1.15%,0.97%,-0.74%,-0.061019383
Urban,2019,December,144.9,164.5,153.7,147.5,122.7,147.2,231.5,137.2,114.7,148,130.8,-0.97%,0.30%,-1.69%,0.54%,2.44%,-1.02%,-6.26%,0.80%,-0.61%,0.47%,0.0382263
Rural+Urban,2019,December,143.5,165,151.1,148.3,125.7,145.7,217,138.3,114,148.7,135.8,0.14%,1.39%,1.59%,1.48%,5.01%,-2.40%,-11.75%,2.02%,-0.18%,1.95%,0.028718704
Rural,2020,January,143.7,167.3,153.5,150.5,132,142.2,191.5,141.1,113.8,151.6,139.7,1.32%,0.18%,2.28%,-0.80%,-4.32%,1.55%,8.51%,-1.42%,0.88%,-1.39%,-0.061560487
Urban,2020,January,145.6,167.6,157,149.3,126.3,144.4,207.8,139.1,114.8,149.5,131.1,-0.89%,-0.12%,-1.34%,0.54%,2.85%,-0.83%,-5.20%,0.93%,-0.61%,0.94%,0.038138825
Rural+Urban,2020,January,144.3,167.4,154.9,150.1,129.9,143.2,197,140.4,114.1,150.9,136.1,-0.07%,0.06%,-2.58%,0.53%,2.93%,-1.75%,-16.19%,1.00%,-0.88%,1.26%,0.029390154
Rural,2020,February,144.2,167.5,150.9,150.9,133.7,140.7,165.1,141.8,113.1,152.8,140.1,1.39%,0.06%,1.46%,-0.13%,-4.71%,1.71%,10.05%,-1.55%,1.33%,-1.57%,-0.061384725
Urban,2020,February,146.2,167.6,153.1,150.7,127.4,143.1,181.7,139.6,114.6,150.4,131.5,-0.96%,-0.06%,-0.85%,0.07%,3.14%,-0.91%,-6.05%,1.07%,-0.87%,1.06%,0.038022814
Rural+Urban,2020,February,144.8,167.5,151.8,150.8,131.4,141.8,170.7,141.1,113.6,152,136.5,-0.28%,-0.42%,-2.77%,0.60%,1.45%,0.00%,-10.78%,0.50%,-0.88%,1.32%,0.026373626
Rural,2020,March,144.4,166.8,147.6,151.7,133.3,141.8,152.3,141.8,112.6,154,140.1,1.45%,0.42%,0.88%,-0.40%,-4.35%,1.06%,9.65%,-1.48%,1.60%,-1.62%,-0.058529622
Urban,2020,March,146.5,167.5,148.9,151.1,127.5,143.3,167,139.7,114.4,151.5,131.9,-0.96%,-0.30%,-0.54%,0.26%,2.90%,-0.56%,-5.81%,1.00%,-1.05%,1.12%,0.036391205
Rural+Urban,2020,March,145.1,167,148.1,151.5,131.2,142.5,157.3,141.1,113.2,153.2,136.7,1.45%,-100.00%,-0.81%,2.71%,4.50%,3.37%,3.43%,6.45%,5.83%,3.59%,0.018288222
Rural,2020,April,147.2,0,146.9,155.6,137.1,147.3,162.7,150.2,119.8,158.7,139.2,3.13%,,3.40%,-0.06%,-4.01%,3.80%,10.63%,0.40%,1.17%,-2.96%,-0.040948276
Urban,2020,April,151.8,0,151.9,155.5,131.6,152.9,180,150.8,121.2,154,133.5,-2.04%,,-2.04%,0.06%,2.66%,-1.96%,-6.33%,-0.27%,-0.74%,2.01%,0.024719101
Rural+Urban,2020,April,148.7,0,148.8,155.6,135.1,149.9,168.6,150.4,120.3,157.1,136.8,-100.00%,,-100.00%,-100.00%,-100.00%,-100.00%,-100.00%,-100.00%,-100.00%,-100.00%,-1
Rural,2020,May,0,0,0,0,0,0,0,0,0,0,0,,,,,,,,,,,
Urban,2020,May,0,0,0,0,0,0,0,0,0,0,0,,,,,,,,,,,
Rural+Urban,2020,May,0,0,0,0,0,0,0,0,0,0,0,,,,,,,,,,,
Rural,2020,June,148.2,190.3,149.4,153.3,138.2,143.2,148.9,150.3,113.2,159.8,142.1,3.04%,3.52%,3.48%,0.07%,-3.84%,6.01%,14.98%,1.13%,2.74%,-0.63%,-0.045742435
Urban,2020,June,152.7,197,154.6,153.4,132.9,151.8,171.2,152,116.3,158.8,135.6,-2.03%,-2.18%,-2.07%,-0.07%,2.56%,-3.03%,-8.59%,-0.72%,-1.81%,0.44%,0.028023599
Rural+Urban,2020,June,149.6,192.7,151.4,153.3,136.3,147.2,156.5,150.9,114.2,159.5,139.4,-0.94%,-1.25%,-1.32%,0.00%,1.39%,-2.72%,-4.86%,-0.40%,-0.88%,0.19%,0.019368723
Rural,2020,July,148.2,190.3,149.4,153.3,138.2,143.2,148.9,150.3,113.2,159.8,142.1,3.04%,3.52%,3.48%,0.07%,-3.84%,6.01%,14.98%,1.13%,2.74%,-0.63%,-0.045742435
Urban,2020,July,152.7,197,154.6,153.4,132.9,151.8,171.2,152,116.3,158.8,135.6,-2.03%,-2.18%,-2.07%,-0.07%,2.56%,-3.03%,-8.59%,-0.72%,-1.81%,0.44%,0.028023599
Rural+Urban,2020,July,149.6,192.7,151.4,153.3,136.3,147.2,156.5,150.9,114.2,159.5,139.4,-1.34%,-2.85%,-1.98%,0.00%,2.57%,-0.20%,9.27%,-0.66%,0.00%,0.31%,0.029411765
Rural,2020,August,147.6,187.2,148.4,153.3,139.8,146.9,171,149.9,114.2,160,143.5,2.71%,5.66%,4.11%,0.07%,-4.58%,5.17%,12.22%,0.93%,2.28%,0.00%,-0.048780488
Urban,2020,August,151.6,197.8,154.5,153.4,133.4,154.5,191.9,151.3,116.8,160,136.5,-1.78%,-3.49%,-2.39%,-0.07%,3.00%,-2.65%,-7.19%,-0.59%,-1.46%,0.00%,0.03003663
Rural+Urban,2020,August,148.9,190.9,150.8,153.3,137.4,150.4,178.1,150.4,115.1,160,140.6,-1.34%,-3.67%,-0.86%,0.07%,2.18%,-2.26%,0.39%,-0.73%,0.00%,0.00%,0.034139403
Rural,2020,September,146.9,183.9,149.5,153.4,140.4,147,178.8,149.3,115.1,160,145.4,3.13%,5.00%,5.22%,0.33%,-4.27%,5.71%,12.98%,1.00%,3.30%,0.56%,-0.052957359
Urban,2020,September,151.5,193.1,157.3,153.9,134.4,155.4,202,150.8,118.9,160.9,137.7,-2.05%,-3.11%,-3.05%,-0.19%,2.83%,-2.90%,-7.57%,-0.66%,-2.10%,-0.37%,0.032679739
Rural+Urban,2020,September,148.4,187.1,152.5,153.6,138.2,150.9,186.7,149.8,116.4,160.3,142.2,-1.62%,-0.43%,4.39%,0.00%,3.18%,-2.45%,7.45%,0.33%,-0.95%,0.37%,0.036568214
Rural,2020,October,146,186.3,159.2,153.6,142.6,147.2,200.6,150.3,115.3,160.9,147.4,3.15%,3.97%,3.52%,0.07%,-4.84%,5.77%,12.66%,1.26%,2.43%,0.25%,-0.055630936
Urban,2020,October,150.6,193.7,164.8,153.7,135.7,155.7,226,152.2,118.1,161.3,139.2,-2.06%,-2.48%,-2.06%,-0.07%,3.24%,-2.89%,-7.43%,-0.85%,-1.61%,-0.19%,0.034482759
Rural+Urban,2020,October,147.5,188.9,161.4,153.6,140.1,151.2,209.2,150.9,116.2,161,144,-1.42%,-0.16%,6.32%,0.13%,3.78%,-3.11%,6.21%,3.31%,-1.12%,0.62%,0.041666667
Rural,2020,November,145.4,188.6,171.6,153.8,145.4,146.5,222.2,155.9,114.9,162,150,2.96%,3.66%,3.09%,0.07%,-5.09%,2.73%,10.40%,1.80%,2.00%,-0.37%,-0.056666667
Urban,2020,November,149.7,195.5,176.9,153.9,138,150.5,245.3,158.7,117.2,161.4,141.5,-1.94%,-2.30%,-1.87%,-0.06%,3.41%,-1.40%,-6.24%,-1.20%,-1.28%,0.25%,0.035335689
Rural+Urban,2020,November,146.8,191,173.6,153.8,142.7,148.4,230,156.8,115.7,161.8,146.5,-1.50%,-1.31%,-0.12%,0.13%,5.12%,-1.68%,-2.09%,1.72%,-1.12%,1.05%,0.047098976
Rural,2020,December,144.6,188.5,173.4,154,150,145.9,225.2,159.5,114.4,163.5,153.4,3.04%,3.82%,2.83%,0.13%,-6.20%,2.60%,6.97%,1.25%,2.36%,-0.98%,-0.065840939
Urban,2020,December,149,195.7,178.3,154.2,140.7,149.7,240.9,161.5,117.1,161.9,143.3,-2.01%,-2.40%,-1.68%,-0.06%,4.19%,-1.34%,-4.32%,-0.80%,-1.54%,0.68%,0.041172366
Rural+Urban,2020,December,146,191,175.3,154.1,146.6,147.7,230.5,160.2,115.3,163,149.2,-1.78%,-1.83%,-1.08%,-0.06%,5.59%,-0.47%,-18.52%,-0.44%,-1.30%,0.92%,0.046246649
Rural,2021,January,143.4,187.5,173.4,154,154.8,147,187.8,159.5,113.8,164.5,156.1,3.21%,3.89%,2.88%,0.26%,-6.91%,3.81%,10.12%,1.63%,2.20%,-0.91%,-0.065342729
Urban,2021,January,148,194.8,178.4,154.4,144.1,152.6,206.8,162.1,116.3,163,145.9,-2.09%,-2.41%,-1.74%,-0.19%,4.72%,-1.97%,-6.09%,-1.05%,-1.46%,0.61%,0.040438657
Rural+Urban,2021,January,144.9,190.1,175.3,154.1,150.9,149.6,194.2,160.4,114.6,164,151.8,-1.45%,-3.21%,-4.16%,0.19%,8.02%,-1.20%,-22.91%,-1.31%,-2.44%,0.61%,0.054018445
Rural,2021,February,142.8,184,168,154.4,163,147.8,149.7,158.3,111.8,165,160,3.36%,3.91%,1.13%,0.45%,-7.12%,4.19%,20.37%,0.95%,2.77%,-1.52%,-0.0675
Urban,2021,February,147.6,191.2,169.9,155.1,151.4,154,180.2,159.8,114.9,162.5,149.2,-2.24%,-2.46%,-0.71%,-0.26%,4.82%,-2.14%,-11.21%,-0.63%,-1.83%,1.05%,0.042225201
Rural+Urban,2021,February,144.3,186.5,168.7,154.7,158.7,150.7,160,158.8,112.8,164.2,155.5,-1.25%,1.55%,-3.26%,-0.13%,5.99%,-0.13%,-11.88%,0.25%,-0.98%,-0.12%,0.032797428
Rural,2021,March,142.5,189.4,163.2,154.5,168.2,150.5,141,159.2,111.7,164,160.6,3.51%,4.28%,0.92%,0.71%,-7.02%,4.52%,17.80%,1.19%,2.33%,-0.85%,-0.061643836
Urban,2021,March,147.5,197.5,164.7,155.6,156.4,157.3,166.1,161.1,114.3,162.6,150.7,-2.31%,-2.68%,-0.55%,-0.45%,4.80%,-2.29%,-9.99%,-0.81%,-1.49%,0.55%,0.03848706
Rural+Urban,2021,March,144.1,192.2,163.8,154.9,163.9,153.7,149.5,159.8,112.6,163.5,156.5,-0.97%,1.72%,-0.24%,0.06%,6.89%,4.49%,-9.63%,0.81%,-0.36%,0.55%,0.034504792
Rural,2021,April,142.7,195.5,163.4,155,175.2,160.6,135.1,161.1,112.2,164.4,161.9,3.43%,3.58%,1.84%,0.65%,-7.88%,5.11%,19.62%,1.06%,2.32%,-0.97%,-0.064237183
Urban,2021,April,147.6,202.5,166.4,156,161.4,168.8,161.6,162.8,114.8,162.8,151.5,-2.24%,-2.22%,-1.08%,-0.38%,5.39%,-2.61%,-10.83%,-0.68%,-1.48%,0.68%,0.040264026
Rural+Urban,2021,April,144.3,198,164.6,155.4,170.1,164.4,144.1,161.7,113.1,163.9,157.6,0.55%,0.25%,2.43%,0.26%,8.41%,-1.28%,-3.96%,2.10%,1.06%,3.54%,0.044416244
Rural,2021,May,145.1,198.5,168.6,155.8,184.4,162.3,138.4,165.1,114.3,169.7,164.6,2.55%,2.92%,2.61%,0.45%,-8.46%,6.28%,20.30%,0.48%,1.40%,-2.65%,-0.07654921
Urban,2021,May,148.8,204.3,173,156.5,168.8,172.5,166.5,165.9,115.9,165.2,152,-1.68%,-1.86%,-1.56%,-0.26%,5.86%,-3.13%,-11.17%,-0.30%,-0.95%,1.82%,0.048026316
Rural+Urban,2021,May,146.3,200.5,170.3,156.1,178.7,167.1,147.9,165.4,114.8,168.2,159.3,-0.48%,-0.20%,5.28%,0.00%,6.55%,-5.09%,-2.16%,0.06%,-0.17%,1.07%,0.038920276
Rural,2021,June,145.6,200.1,179.3,156.1,190.4,158.6,144.7,165.5,114.6,170,165.5,2.47%,2.70%,1.95%,0.26%,-9.56%,8.13%,21.77%,0.85%,1.31%,-2.65%,-0.079758308
Urban,2021,June,149.2,205.5,182.8,156.5,172.2,171.5,176.2,166.9,116.1,165.5,152.3,-1.68%,-1.70%,-1.15%,-0.19%,6.68%,-4.02%,-11.80%,-0.54%,-0.86%,1.81%,0.050558109
Rural+Urban,2021,June,146.7,202,180.7,156.2,183.7,164.6,155.4,166,115.1,168.5,160,-1.09%,1.24%,-0.17%,0.58%,2.72%,-4.19%,-1.67%,-1.45%,-1.04%,0.71%,0.03875
Rural,2021,July,145.1,204.5,180.4,157.1,188.7,157.7,152.8,163.6,113.9,169.7,166.2,2.76%,3.13%,2.55%,0.70%,-9.59%,8.37%,21.99%,0.67%,1.58%,-2.47%,-0.077015644
Urban,2021,July,149.1,210.9,185,158.2,170.6,170.9,186.4,164.7,115.7,165.5,153.4,-1.81%,-1.94%,-1.51%,-0.44%,6.74%,-4.10%,-11.91%,-0.43%,-1.04%,1.69%,0.048891786
Rural+Urban,2021,July,146.4,206.8,182.2,157.5,182.1,163.9,164.2,164,114.5,168.3,160.9,-1.02%,-2.18%,-3.13%,0.00%,4.83%,-5.00%,-6.27%,-0.73%,0.61%,0.89%,0.041640771
Rural,2021,August,144.9,202.3,176.5,157.5,190.9,155.7,153.9,162.8,115.2,169.8,167.6,3.04%,2.52%,-1.36%,1.08%,-8.33%,3.60%,19.10%,1.04%,4.51%,-2.12%,-0.076372315
Urban,2021,August,149.3,207.4,174.1,159.2,175,161.3,183.3,164.5,120.4,166.2,154.8,-1.81%,-1.64%,-0.75%,-0.50%,7.43%,-2.79%,-11.51%,-0.24%,-0.58%,1.56%,0.051033592
Rural+Urban,2021,August,146.6,204,172.8,158.4,188,156.8,162.2,164.1,119.7,168.8,162.7,-0.82%,-0.93%,-0.46%,-0.25%,3.99%,-2.61%,-6.66%,-0.12%,-0.33%,0.77%,0.034419176
Rural,2021,September,145.4,202.1,172,158,195.5,152.7,151.4,163.9,119.3,170.1,168.3,2.68%,2.62%,1.22%,0.70%,-10.49%,5.57%,21.20%,0.37%,0.92%,-2.29%,-0.080213904
Urban,2021,September,149.3,207.4,174.1,159.1,175,161.2,183.5,164.5,120.4,166.2,154.8,-1.81%,-1.64%,-0.75%,-0.44%,7.43%,-2.79%,-11.55%,-0.24%,-0.58%,1.56%,0.051033592
Rural+Urban,2021,September,146.6,204,172.8,158.4,188,156.7,162.3,164.1,119.7,168.8,162.7,-0.34%,-0.74%,-1.56%,0.00%,5.74%,-2.62%,4.99%,0.67%,1.59%,1.07%,0.037492317
Rural,2021,October,146.1,202.5,170.1,158.4,198.8,152.6,170.4,165.2,121.6,170.6,168.8,2.74%,2.91%,1.70%,0.51%,-11.17%,4.39%,25.82%,0.06%,0.74%,-2.23%,-0.079383886
Urban,2021,October,150.1,208.4,173,159.2,176.6,159.3,214.4,165.3,122.5,166.8,155.4,-1.80%,-1.82%,-1.04%,-0.31%,7.93%,-2.26%,-13.57%,-0.06%,-0.49%,1.50%,0.05019305
Rural+Urban,2021,October,147.4,204.6,171.2,158.7,190.6,155.7,185.3,165.2,121.9,169.3,163.2,-0.34%,-2.35%,0.18%,0.25%,4.09%,-1.61%,-0.76%,0.12%,0.16%,0.89%,0.036151961
Rural,2021,November,146.9,199.8,171.5,159.1,198.4,153.2,183.9,165.4,122.1,170.8,169.1,2.79%,2.55%,2.27%,0.31%,-11.39%,4.63%,24.58%,-0.18%,0.82%,-2.11%,-0.076877587
Urban,2021,November,151,204.9,175.4,159.6,175.8,160.3,229.1,165.1,123.1,167.2,156.1,-1.85%,-1.61%,-1.37%,-0.19%,8.13%,-2.37%,-13.05%,0.12%,-0.57%,1.44%,0.048686739
Rural+Urban,2021,November,148.2,201.6,173,159.3,190.1,156.5,199.2,165.3,122.4,169.6,163.7,-0.54%,-2.28%,2.02%,0.31%,3.00%,-2.88%,-13.50%,-0.48%,-1.47%,1.24%,0.036652413
Rural,2021,December,147.4,197,176.5,159.8,195.8,152,172.3,164.5,120.6,171.7,169.7,2.85%,2.64%,1.98%,0.13%,-11.39%,4.14%,27.39%,-0.18%,1.08%,-2.04%,-0.077784325
Urban,2021,December,151.6,202.2,180,160,173.5,158.3,219.5,164.2,121.9,168.2,156.5,-1.91%,-1.68%,-1.17%,-0.06%,8.13%,-2.15%,-14.21%,0.12%,-0.74%,1.37%,0.049201278
Rural+Urban,2021,December,148.7,198.8,177.9,159.9,187.6,154.9,188.3,164.4,121,170.5,164.2,-0.27%,-0.96%,0.06%,0.38%,2.67%,-2.39%,-15.45%,-0.24%,-1.40%,1.64%,0.03410475
Rural,2022,January,148.3,196.9,178,160.5,192.6,151.2,159.2,164,119.3,173.3,169.8,2.63%,2.64%,1.18%,-0.06%,-11.21%,3.51%,27.89%,-0.12%,1.68%,-2.02%,-0.077738516
Urban,2022,January,152.2,202.1,180.1,160.4,171,156.5,203.6,163.8,121.3,169.8,156.6,-1.77%,-1.68%,-0.72%,0.06%,8.01%,-1.79%,-14.39%,0.06%,-1.07%,1.35%,0.04916986
Rural+Urban,2022,January,149.5,198.7,178.8,160.5,184.7,153.7,174.3,163.9,120,172.1,164.3,-0.47%,-0.30%,-1.85%,0.12%,4.28%,-1.50%,-10.96%,0.00%,-1.58%,1.92%,0.037735849
Rural,2022,February,148.8,198.1,175.5,160.7,192.6,151.4,155.2,163.9,118.1,175.4,170.5,2.49%,3.58%,0.51%,-0.06%,-10.96%,3.30%,27.58%,-0.43%,2.12%,-1.82%,-0.080938416
Urban,2022,February,152.5,205.2,176.4,160.6,171.5,156.4,198,163.2,120.6,172.2,156.7,-1.64%,-2.24%,-0.34%,0.06%,7.81%,-1.73%,-14.29%,0.31%,-1.41%,1.22%,0.051052967
Rural+Urban,2022,February,150,200.6,175.8,160.7,184.9,153.7,169.7,163.7,118.9,174.3,164.7,0.13%,3.69%,-4.49%,0.81%,9.84%,1.43%,-8.19%,0.31%,-0.67%,2.52%,0.039465695
Rural,2022,March,150.2,208,167.9,162,203.1,155.9,155.8,164.2,118.1,178.7,171.2,2.33%,3.75%,-0.12%,0.37%,-11.37%,2.37%,20.92%,-0.49%,1.86%,-2.24%,-0.082359813
Urban,2022,March,153.7,215.8,167.7,162.6,180,159.6,188.4,163.4,120.3,174.7,157.1,-1.56%,-2.36%,0.06%,-0.25%,8.11%,-1.25%,-11.41%,0.31%,-1.25%,1.55%,0.052196053
Rural+Urban,2022,March,151.3,210.7,167.8,162.2,194.6,157.6,166.9,163.9,118.8,177.4,165.3,0.33%,-0.47%,-1.97%,0.99%,6.58%,7.68%,-7.97%,0.73%,-0.51%,3.10%,0.042952208
Rural,2022,April,151.8,209.7,164.5,163.8,207.4,169.7,153.6,165.1,118.2,182.9,172.4,2.37%,2.91%,0.06%,0.24%,-10.32%,3.65%,24.15%,-0.67%,1.95%,-2.68%,-0.086426914
Urban,2022,April,155.4,215.8,164.6,164.2,186,175.9,190.7,164,120.5,178,157.5,-1.61%,-1.85%,-0.06%,-0.18%,7.26%,-1.88%,-12.85%,0.43%,-1.24%,1.85%,0.055238095
Rural+Urban,2022,April,152.9,211.8,164.5,163.9,199.5,172.6,166.2,164.7,119,181.3,166.2,0.00%,1.37%,-1.88%,0.43%,5.21%,-2.67%,-3.49%,0.18%,-0.08%,2.92%,0.04211793
Rural,2022,May,152.9,214.7,161.4,164.6,209.9,168,160.4,165,118.9,186.6,173.2,2.49%,3.03%,1.67%,0.49%,-9.72%,3.87%,26.68%,-0.55%,1.93%,-2.79%,-0.084872979
Urban,2022,May,156.7,221.2,164.1,165.4,189.5,174.5,203.2,164.1,121.2,181.4,158.5,-1.66%,-1.90%,-1.04%,-0.30%,6.81%,-2.01%,-13.93%,0.37%,-1.24%,1.93%,0.054258675
Rural+Urban,2022,May,154.1,217,162.4,164.9,202.4,171,174.9,164.7,119.7,184.9,167.1,-0.19%,0.09%,4.43%,0.30%,2.82%,-3.04%,-4.35%,-0.06%,-0.50%,2.16%,0.042489527
Rural,2022,June,153.8,217.2,169.6,165.4,208.1,165.8,167.3,164.6,119.1,188.9,174.2,2.41%,2.85%,1.89%,0.60%,-9.37%,5.01%,26.42%,-0.61%,1.93%,-2.86%,-0.086681975
Urban,2022,June,157.5,223.4,172.8,166.4,188.6,174.1,211.5,163.6,121.4,183.5,159.1,-1.59%,-1.79%,-1.16%,-0.36%,6.52%,-2.53%,-13.81%,0.43%,-1.24%,1.96%,0.055311125
Rural+Urban,2022,June,155,219.4,170.8,165.8,200.9,169.7,182.3,164.3,119.9,187.1,167.9,0.13%,-3.92%,2.05%,0.30%,0.65%,-0.06%,-7.52%,0.06%,-0.58%,2.51%,0.039309113
Rural,2022,July,155.2,210.8,174.3,166.3,202.2,169.6,168.6,164.4,119.2,191.8,174.5,2.64%,2.99%,1.32%,0.48%,-8.61%,5.84%,23.67%,-0.24%,1.93%,-2.87%,-0.084240688
Urban,2022,July,159.3,217.1,176.6,167.1,184.8,179.5,208.5,164,121.5,186.3,159.8,-1.76%,-1.89%,-0.79%,-0.30%,5.95%,-2.95%,-12.66%,0.18%,-1.23%,1.99%,0.053817272
Rural+Urban,2022,July,156.5,213,175.2,166.6,195.8,174.2,182.1,164.3,120,190,168.4,1.92%,-4.18%,-3.94%,0.78%,1.17%,-2.87%,-4.94%,1.70%,0.17%,2.95%,0.038004751
Rural,2022,August,159.5,204.1,168.3,167.9,198.1,169.2,173.1,167.1,120.2,195.6,174.8,1.63%,3.33%,1.37%,0.30%,-7.87%,4.67%,23.11%,0.12%,1.66%,-3.02%,-0.08180778
Urban,2022,August,162.1,210.9,170.6,168.4,182.5,177.1,213.1,167.3,122.2,189.7,160.5,-1.11%,-2.09%,-0.82%,-0.18%,5.42%,-2.37%,-12.39%,-0.06%,-1.06%,2.06%,0.051713396
Rural+Urban,2022,August,160.3,206.5,169.2,168.1,192.4,172.9,186.7,167.2,120.9,193.6,168.8,1.62%,0.10%,-0.12%,0.83%,0.88%,-5.09%,-5.25%,1.08%,-0.08%,2.84%,0.039099526
Rural,2022,September,162.9,206.7,169,169.5,194.1,164.1,176.9,169,120.8,199.1,175.4,1.23%,3.39%,1.12%,0.35%,-7.62%,2.07%,24.82%,0.12%,1.90%,-2.76%,-0.081527936
Urban,2022,September,164.9,213.7,170.9,170.1,179.3,167.5,220.8,169.2,123.1,193.6,161.1,-0.85%,-2.11%,-0.70%,-0.24%,5.24%,-1.07%,-13.13%,-0.06%,-1.22%,1.91%,0.051520795
Rural+Urban,2022,September,163.5,209.2,169.7,169.7,188.7,165.7,191.8,169.1,121.6,197.3,169.4,0.73%,-0.19%,0.35%,0.71%,1.54%,-2.11%,-3.65%,0.35%,-0.41%,2.18%,0.037780401
Rural,2022,October,164.7,208.8,170.3,170.9,191.6,162.2,184.8,169.7,121.1,201.6,175.8,1.03%,2.92%,0.94%,0.06%,-7.25%,2.16%,23.70%,0.12%,1.90%,-2.58%,-0.080773606
Urban,2022,October,166.4,214.9,171.9,171,177.7,165.7,228.6,169.9,123.4,196.4,161.6,-0.72%,-1.86%,-0.58%,-0.06%,4.95%,-1.15%,-12.64%,-0.06%,-1.22%,1.78%,0.051361386
Rural+Urban,2022,October,165.2,210.9,170.9,170.9,186.5,163.8,199.7,169.8,121.9,199.9,169.9,1.03%,-1.75%,5.44%,0.82%,4.02%,-2.87%,-14.07%,0.24%,-0.33%,2.45%,0.038257799
Rural,2022,November,166.9,207.2,180.2,172.3,194,159.1,171.6,170.2,121.5,204.8,176.4,0.90%,2.99%,1.66%,0.00%,-7.22%,2.20%,19.76%,0.47%,1.56%,-2.93%,-0.08106576
Urban,2022,November,168.4,213.4,183.2,172.3,180,162.6,205.5,171,123.4,198.8,162.1,-0.59%,-1.87%,-0.98%,0.00%,4.94%,-1.17%,-10.90%,-0.29%,-1.05%,2.01%,0.051202961
Rural+Urban,2022,November,167.4,209.4,181.4,172.3,188.9,160.7,183.1,170.5,122.1,202.8,170.4,0.84%,-1.19%,4.24%,0.64%,2.65%,-2.49%,-17.97%,0.00%,-0.74%,2.32%,0.037558685
Rural,2022,December,168.8,206.9,189.1,173.4,193.9,156.7,150.2,170.5,121.2,207.5,176.8,0.83%,2.90%,1.48%,0.29%,-7.63%,1.79%,18.97%,0.47%,1.57%,-3.37%,-0.07918552
Urban,2022,December,170.2,212.9,191.9,173.9,179.1,159.5,178.7,171.3,123.1,200.5,162.8,-0.59%,-1.83%,-0.89%,-0.17%,5.25%,-0.94%,-10.52%,-0.29%,-1.06%,2.34%,0.05036855
Rural+Urban,2022,December,169.2,209,190.2,173.6,188.5,158,159.9,170.8,121.8,205.2,171,2.84%,-0.33%,1.42%,0.40%,2.18%,-1.08%,-10.63%,-0.06%,-1.23%,2.58%,0.034502924
Rural,2023,January,174,208.3,192.9,174.3,192.6,156.3,142.9,170.7,120.3,210.5,176.9,-0.40%,3.31%,2.13%,0.52%,-7.58%,2.69%,22.67%,0.29%,2.00%,-2.95%,-0.074618428
Urban,2023,January,173.3,215.2,197,175.2,178,160.5,175.3,171.2,122.7,204.3,163.7,0.29%,-2.09%,-1.27%,-0.34%,5.17%,-1.37%,-12.21%,-0.18%,-1.30%,2.01%,0.047037263
Rural+Urban,2023,January,173.8,210.7,194.5,174.6,187.2,158.3,153.9,170.9,121.1,208.4,171.4,0.23%,-2.61%,-10.59%,1.37%,-2.03%,5.62%,-8.45%,-0.29%,-1.65%,1.78%,0.036172695
Rural,2023,February,174.2,205.2,173.9,177,183.4,167.2,140.9,170.4,119.1,212.1,177.6,0.29%,3.41%,1.90%,0.51%,-6.11%,2.93%,24.77%,1.06%,2.35%,-3.44%,-0.071509009
Urban,2023,February,174.7,212.2,177.2,177.9,172.2,172.1,175.8,172.2,121.9,204.8,164.9,-0.17%,-2.12%,-1.13%,-0.34%,4.12%,-1.51%,-13.14%,-0.70%,-1.56%,2.39%,0.044875682
Rural+Urban,2023,February,174.4,207.7,175.2,177.3,179.3,169.5,152.7,171,120,209.7,172.3,-0.06%,-1.20%,-0.74%,-0.17%,2.23%,-1.36%,-7.73%,-0.29%,-0.75%,1.14%,0.030760302
Rural,2023,March,174.3,205.2,173.9,177,183.3,167.2,140.9,170.5,119.1,212.1,177.6,0.23%,3.41%,1.90%,0.51%,-6.06%,2.93%,24.84%,1.00%,2.35%,-3.44%,-0.071509009
Urban,2023,March,174.7,212.2,177.2,177.9,172.2,172.1,175.9,172.2,121.9,204.8,164.9,-0.17%,-2.12%,-1.13%,-0.34%,4.07%,-1.51%,-13.13%,-0.64%,-1.56%,2.39%,0.044875682
Rural+Urban,2023,March,174.4,207.7,175.2,177.3,179.2,169.5,152.8,171.1,120,209.7,172.3,-0.63%,-0.39%,-4.17%,0.51%,-0.39%,2.48%,-6.54%,0.99%,0.33%,2.77%,0.0342426
Rural,2023,April,173.3,206.9,167.9,178.2,178.5,173.7,142.8,172.8,120.4,215.5,178.2,0.87%,3.29%,2.68%,0.34%,-5.49%,3.17%,25.98%,1.10%,2.24%,-3.57%,-0.071268238
Urban,2023,April,174.8,213.7,172.4,178.8,168.7,179.2,179.9,174.7,123.1,207.8,165.5,-0.57%,-2.06%,-1.62%,-0.22%,3.68%,-1.62%,-13.62%,-0.74%,-1.46%,2.45%,0.044712991
Rural+Urban,2023,April,173.8,209.3,169.6,178.4,174.9,176.3,155.4,173.4,121.3,212.9,172.9,-0.35%,1.05%,0.83%,0.67%,-0.91%,-4.14%,-4.31%,0.87%,0.49%,3.80%,0.033545402
Rural,2023,May,173.2,211.5,171,179.6,173.3,169,148.7,174.9,121.9,221,178.7,0.87%,3.74%,3.33%,-0.11%,-5.14%,4.02%,24.41%,1.14%,1.89%,-4.12%,-0.071628428
Urban,2023,May,174.7,219.4,176.7,179.4,164.4,175.8,185,176.9,124.2,211.9,165.9,-0.57%,-2.32%,-1.98%,0.06%,3.41%,-2.05%,-12.97%,-0.73%,-1.21%,2.88%,0.045207957
Rural+Urban,2023,May,173.7,214.3,173.2,179.5,170,172.2,161,175.6,122.7,218,173.4,0.40%,2.85%,4.56%,0.33%,-1.65%,-3.02%,3.04%,3.02%,0.08%,3.81%,0.033448674
Rural,2023,June,174.4,220.4,181.1,180.1,167.2,167,165.9,180.9,122.8,226.3,179.2,0.75%,2.81%,2.37%,-0.17%,-4.49%,6.47%,27.06%,1.27%,1.71%,-4.20%,-0.069754464
Urban,2023,June,175.7,226.6,185.4,179.8,159.7,177.8,210.8,183.2,124.9,216.8,166.7,-0.51%,-1.77%,-1.40%,0.11%,2.94%,-3.26%,-14.09%,-0.82%,-1.12%,2.91%,0.043791242
Rural+Urban,2023,June,174.8,222.6,182.8,180,164.4,172,181.1,181.7,123.5,223.1,174,0.97%,-3.19%,-1.53%,0.33%,0.55%,0.81%,25.35%,1.98%,0.24%,5.11%,0.032758621
Rural,2023,July,176.5,215.5,180,180.6,165.3,173.4,227,185.3,123.8,234.5,179.7,0.74%,3.02%,2.67%,-0.17%,-3.99%,7.67%,30.09%,1.40%,1.62%,-4.22%,-0.069003895
Urban,2023,July,177.8,222,184.8,180.3,158.7,186.7,295.3,187.9,125.8,224.6,167.3,-0.51%,-1.89%,-1.57%,0.11%,2.65%,-3.80%,-15.27%,-0.90%,-1.03%,2.94%,0.043036461
Rural+Urban,2023,July,176.9,217.8,181.9,180.5,162.9,179.6,250.2,186.2,124.5,231.2,174.5,1.19%,-3.08%,-4.23%,0.39%,1.41%,-3.01%,-13.51%,0.86%,0.24%,4.71%,0.033237822
Rural,2023,August,179,211.1,174.2,181.2,165.2,174.2,216.4,187.8,124.8,242.1,180.3,0.45%,4.07%,3.39%,-0.06%,-3.75%,6.89%,25.83%,1.97%,1.76%,-4.42%,-0.069883527
Urban,2023,August,179.8,219.7,180.1,181.1,159,186.2,272.3,191.5,127,231.4,167.7,-0.28%,-2.55%,-2.00%,0.06%,2.45%,-3.44%,-13.55%,-1.31%,-1.18%,3.07%,0.043530113
Rural+Urban,2023,August,179.3,214.1,176.5,181.2,162.9,179.8,235.4,189,125.5,238.5,175,1.17%,0.19%,1.13%,0.17%,0.98%,-3.45%,-21.62%,3.17%,0.88%,3.27%,0.031428571
Rural,2023,September,181.4,214.5,178.5,181.5,164.5,173.6,184.5,195,126.6,246.3,180.5,-0.06%,4.29%,3.19%,0.06%,-3.77%,5.24%,22.22%,2.62%,1.42%,-4.18%,-0.068144044
Urban,2023,September,181.3,223.7,184.2,181.6,158.3,182.7,225.5,200.1,128.4,236,168.2,0.06%,-2.68%,-1.90%,-0.06%,2.46%,-2.68%,-12.02%,-1.70%,-0.93%,2.92%,0.042806183
Rural+Urban,2023,September,181.4,217.7,180.7,181.5,162.2,177.8,198.4,196.7,127.2,242.9,175.4,0.88%,-1.19%,2.49%,0.17%,0.55%,-1.63%,-3.98%,1.58%,0.71%,2.39%,0.032497149
Rural,2023,October,183,215.1,185.2,181.8,163.1,174.9,190.5,199.8,128.1,248.7,181.1,-0.16%,3.63%,2.21%,0.22%,-3.74%,5.09%,22.89%,2.95%,1.25%,-4.06%,-0.069022639
Urban,2023,October,182.7,222.9,189.3,182.2,157,183.8,234.1,205.7,129.7,238.6,168.6,0.11%,-2.29%,-1.32%,-0.16%,2.48%,-2.56%,-12.30%,-1.90%,-0.85%,2.81%,0.043297746
Rural+Urban,2023,October,182.9,217.8,186.8,181.9,160.9,179.1,205.3,201.8,128.6,245.3,175.9,1.04%,-3.17%,1.93%,0.16%,1.06%,-2.51%,-2.63%,0.55%,0.86%,1.83%,0.033541785
Rural,2023,November,184.8,210.9,190.4,182.2,162.6,174.6,199.9,202.9,129.7,249.8,181.8,-0.32%,4.13%,2.31%,0.05%,-3.63%,4.64%,23.06%,3.15%,0.93%,-4.04%,-0.070407041
Urban,2023,November,184.2,219.6,194.8,182.3,156.7,182.7,246,209.3,130.9,239.7,169,0.22%,-2.55%,-1.39%,-0.05%,2.36%,-2.35%,-12.40%,-2.01%,-0.61%,2.80%,0.044378698
Rural+Urban,2023,November,184.6,214,192.1,182.2,160.4,178.4,215.5,205.1,130.1,246.4,176.5,0.87%,-2.80%,2.60%,0.11%,1.25%,-3.25%,-12.58%,-0.44%,0.08%,1.10%,0.031161473
Rural,2023,December,186.2,208,197.1,182.4,162.4,172.6,188.4,204.2,130.2,249.1,182,-0.32%,4.57%,1.88%,0.05%,-3.51%,3.65%,24.52%,2.89%,0.92%,-4.18%,-0.07032967
Urban,2023,December,185.6,217.5,200.8,182.5,156.7,178.9,234.6,210.1,131.4,238.7,169.2,0.22%,-2.85%,-1.15%,-0.05%,2.30%,-1.90%,-13.00%,-1.86%,-0.61%,2.89%,0.044326241
Rural+Urban,2023,December,186,211.3,198.5,182.4,160.3,175.5,204.1,206.2,130.6,245.6,176.7,0.81%,-0.66%,3.17%,0.11%,0.56%,-3.30%,-11.86%,-1.79%,-0.69%,0.12%,0.031692134
Rural,2024,January,187.5,209.9,204.8,182.6,161.2,169.7,179.9,202.5,129.7,245.9,182.3,-0.21%,4.53%,0.63%,0.11%,-3.35%,2.83%,25.74%,2.57%,1.00%,-4.23%,-0.068568294
Urban,2024,January,187.1,219.4,206.1,182.8,155.8,174.5,226.2,207.7,131,235.5,169.8,0.16%,-2.83%,-0.39%,-0.05%,2.18%,-1.49%,-13.53%,-1.64%,-0.69%,2.93%,0.042991755
Rural+Urban,2024,January,187.4,213.2,205.3,182.7,159.2,171.9,195.6,204.3,130.1,242.4,177.1,0.64%,0.75%,-1.75%,0.11%,0.63%,-1.57%,-8.08%,-1.71%,-1.08%,-0.70%,0.02879729
Rural,2024,February,188.6,214.8,201.7,182.9,160.2,169.2,179.8,200.8,128.7,240.7,182.2,-0.16%,4.24%,1.49%,0.16%,-3.18%,2.84%,25.75%,2.59%,1.55%,-3.61%,-0.067508233
Urban,2024,February,188.3,223.9,204.7,183.2,155.1,174,226.1,206,130.7,232,169.9,0.11%,-2.64%,-0.88%,-0.11%,2.06%,-1.49%,-13.53%,-1.65%,-0.99%,2.50%,0.042377869
Rural+Urban,2024,February,188.5,218,202.9,183,158.3,171.4,195.5,202.6,129.4,237.8,177.1,0.42%,-0.05%,-5.03%,0.11%,1.20%,0.82%,-6.65%,-1.43%,-1.08%,-0.63%,0.028232637
Rural,2024,March,189.3,217.9,192.7,183.2,160.2,172.8,182.5,199.7,128,236.3,182.1,-0.42%,4.04%,0.83%,0.22%,-3.43%,2.26%,21.97%,2.65%,1.64%,-3.43%,-0.064799561
Urban,2024,March,188.5,226.7,194.3,183.6,154.7,176.7,222.6,205,130.1,228.2,170.3,0.27%,-2.51%,-0.51%,-0.16%,2.26%,-1.19%,-11.90%,-1.71%,-1.08%,2.37%,0.040516735
Rural+Urban,2024,March,189,221,193.3,183.3,158.2,174.6,196.1,201.5,128.7,233.6,177.2,-0.11%,0.95%,-6.78%,0.16%,1.39%,4.70%,-5.71%,-0.40%,-0.70%,-0.77%,0.028781038
Rural,2024,April,188.8,223.1,180.2,183.6,160.4,182.8,184.9,200.7,127.8,231.8,182.3,0.05%,4.35%,2.22%,0.22%,-3.43%,3.17%,21.90%,2.74%,1.88%,-3.06%,-0.06472847
Urban,2024,April,188.9,232.8,184.2,184,154.9,188.6,225.4,206.2,130.2,224.7,170.5,-0.05%,-2.71%,-1.36%,-0.16%,2.26%,-1.64%,-11.89%,-1.75%,-1.23%,2.09%,0.040469208
Rural+Urban,2024,April,188.8,226.5,181.7,183.7,158.4,185.5,198.6,202.6,128.6,229.4,177.4,-0.05%,0.00%,1.76%,0.22%,1.33%,-2.75%,-3.98%,0.54%,0.23%,-0.09%,0.028184893
Rural,2024,May,188.7,226.5,184.9,184.1,160.5,180.4,190.7,203.7,128.9,229.2,182.4,0.16%,4.33%,2.27%,0.11%,-3.30%,3.88%,22.29%,2.95%,1.86%,-2.44%,-0.063596491
Urban,2024,May,189,236.3,189.1,184.3,155.2,187.4,233.2,209.7,131.3,223.6,170.8,-0.11%,-2.71%,-1.37%,-0.05%,2.19%,-1.97%,-12.05%,-1.91%,-1.22%,1.65%,0.039812646
Rural+Urban,2024,May,188.8,229.9,186.5,184.2,158.6,183.7,205.1,205.7,129.7,227.3,177.6,0.69%,0.65%,1.13%,0.49%,2.27%,-2.40%,5.27%,1.51%,0.23%,0.84%,0.030405405
Rural,2024,June,190.1,231.4,188.6,185.1,162.2,179.3,215.9,208.8,130,229.2,183,-0.05%,3.93%,2.28%,0.38%,-3.76%,5.97%,24.92%,3.02%,1.62%,-1.92%,-0.063934426
Urban,2024,June,190,240.5,192.9,185.8,156.1,190,269.7,215.1,132.1,224.8,171.3,0.05%,-2.45%,-1.35%,-0.22%,2.50%,-3.00%,-13.16%,-1.95%,-1.06%,1.29%,0.039696439
Rural+Urban,2024,June,190.1,234.6,190.3,185.4,160,184.3,234.2,210.9,130.7,227.7,178.1,0.68%,-3.20%,1.16%,0.11%,2.13%,-1.57%,6.23%,0.28%,-0.23%,0.75%,0.027512633
Rural,2024,July,191.4,227.1,192.5,185.6,163.4,181.4,248.8,211.5,130.4,229.4,183,-0.10%,4.54%,2.44%,0.54%,-3.86%,6.06%,21.95%,3.07%,1.46%,-1.92%,-0.059562842
Urban,2024,July,191.2,237.4,197.2,186.6,157.1,192.4,303.4,218,132.3,225,172.1,0.05%,-2.82%,-1.47%,-0.32%,2.55%,-3.07%,-11.90%,-1.97%,-0.98%,1.29%,0.036606624
Rural+Urban,2024,July,191.3,230.7,194.3,186,161.1,186.5,267.3,213.7,131,227.9,178.4,0.68%,-4.59%,-3.24%,0.11%,1.86%,-0.21%,-8.34%,-0.56%,-0.23%,0.75%,0.030269058
Rural,2024,August,192.6,220.1,188,186.2,164.1,186.1,245,212.5,130.7,229.6,183.8,-0.36%,4.13%,1.44%,0.48%,-4.27%,6.13%,18.86%,3.06%,1.61%,-2.00%,-0.059847661
Urban,2024,August,191.9,229.2,190.7,187.1,157.1,197.5,291.2,219,132.8,225,172.8,0.26%,-2.57%,-0.89%,-0.32%,2.80%,-3.09%,-10.47%,-1.96%,-1.05%,1.38%,0.037037037
Rural+Urban,2024,August,192.4,223.3,189,186.5,161.5,191.4,260.7,214.7,131.4,228.1,179.2,0.99%,-1.39%,0.69%,0.05%,4.89%,-1.72%,-3.68%,-0.28%,-0.30%,0.66%,0.030691964
Rural,2024,September,194.3,220.2,190.3,186.6,169.4,188.1,251.1,214.1,131,229.6,184.7,-0.77%,4.18%,2.57%,0.54%,-5.02%,3.72%,22.10%,2.62%,1.45%,-2.13%,-0.061721711
Urban,2024,September,192.8,229.4,195.2,187.6,160.9,195.1,306.6,219.7,132.9,224.7,173.3,0.52%,-2.62%,-1.54%,-0.32%,3.36%,-1.90%,-11.97%,-1.68%,-0.98%,1.47%,0.038084247
Rural+Urban,2024,September,193.8,223.4,192.2,187,166.3,191.4,269.9,216,131.6,228,179.9,1.29%,-0.81%,0.99%,-0.05%,8.84%,0.57%,0.22%,-0.46%,-0.23%,0.75%,0.03057254
Rural,2024,October,196.3,221.6,194.1,186.9,181,192.5,270.5,215,131.3,229.7,185.4,-1.12%,4.02%,2.52%,0.54%,-7.07%,1.87%,23.44%,2.37%,1.29%,-2.05%,-0.061488673
Urban,2024,October,194.1,230.5,199,187.9,168.2,196.1,333.9,220.1,133,225,174,0.77%,-2.52%,-1.51%,-0.32%,4.82%,-0.97%,-12.55%,-1.54%,-0.83%,1.38%,0.037931034
Rural+Urban,2024,October,195.6,224.7,196,187.3,176.3,194.2,292,216.7,131.9,228.1,180.6,1.28%,-1.69%,1.68%,-0.11%,5.96%,-1.80%,-10.96%,-1.02%,-0.61%,0.79%,0.029900332
Rural,2024,November,198.1,220.9,199.3,187.1,186.8,190.7,260,214.5,131.1,229.9,186,-1.31%,4.03%,2.76%,0.37%,-7.49%,1.57%,21.31%,2.28%,1.60%,-2.39%,-0.060752688
Urban,2024,November,195.5,229.8,204.8,187.8,172.8,193.7,315.4,219.4,133.2,224.4,174.7,0.92%,-2.52%,-1.66%,-0.21%,5.15%,-0.83%,-11.60%,-1.46%,-1.05%,1.65%,0.03777905
Rural+Urban,2024,November,197.3,224,201.4,187.4,181.7,192.1,278.8,216.2,131.8,228.1,181.3,0.81%,-2.19%,4.17%,-0.05%,4.02%,-1.61%,-13.06%,-1.76%,-1.37%,0.39%,0.029784887
Rural,2024,December,198.9,219.1,209.8,187.3,189,189,242.4,212.4,130,229,186.7,-1.21%,4.38%,2.86%,0.32%,-7.62%,1.80%,19.31%,2.35%,2.08%,-2.14%,-0.059989288
Urban,2024,December,196.5,228.7,215.8,187.9,174.6,192.4,289.2,217.4,132.7,224.1,175.5,0.81%,-2.71%,-1.71%,-0.21%,5.21%,-0.94%,-10.68%,-1.52%,-1.36%,1.47%,0.037037037
Rural+Urban,2024,December,198.1,222.5,212.1,187.5,183.7,190.6,258.3,214.1,130.9,227.4,182,0.86%,-0.72%,-2.88%,0.11%,2.89%,0.73%,-21.22%,-2.99%,-0.99%,-0.09%,0.031318681
Rural,2025,January,199.8,220.9,206,187.7,189,192,203.5,207.7,129.6,227.2,187.7,-1.15%,4.48%,2.33%,0.27%,-7.09%,0.94%,20.69%,2.55%,2.16%,-1.89%,-0.059136921
Urban,2025,January,197.5,230.8,210.8,188.2,175.6,193.8,245.6,213,132.4,222.9,176.6,0.81%,-2.77%,-1.38%,-0.16%,4.84%,-0.52%,-11.32%,-1.64%,-1.44%,1.30%,0.036806342
Rural+Urban,2025,January,199.1,224.4,207.9,187.9,184.1,192.8,217.8,209.5,130.5,225.8,183.1,0.75%,-2.36%,-6.25%,-0.16%,2.61%,1.19%,-16.80%,-4.44%,0.69%,-0.44%,0.028399782
Rural,2025,February,200.6,219.1,194.9,187.6,188.9,195.1,181.2,200.2,131.4,224.8,188.3,-1.00%,4.52%,2.62%,0.43%,-6.83%,1.85%,19.65%,2.45%,1.83%,-1.20%,-0.058417419
Urban,2025,February,198.6,229,200,188.4,176,198.7,216.8,205.1,133.8,222.1,177.3,0.70%,-2.79%,-1.55%,-0.27%,4.66%,-0.96%,-10.84%,-1.56%,-1.20%,0.81%,0.036097011
Rural+Urban,2025,February,200,222.6,196.9,187.9,184.2,196.8,193.3,201.9,132.2,223.9,183.7,0.40%,-2.02%,-5.84%,0.00%,2.99%,2.44%,-11.54%,-3.76%,0.68%,-0.45%,0.028307022
Rural,2025,March,200.8,218.1,185.4,187.9,189.7,201.6,171,194.3,133.1,222.9,188.9,-0.95%,4.68%,2.59%,0.27%,-6.48%,1.44%,19.47%,2.57%,1.43%,-1.08%,-0.057173107
Urban,2025,March,198.9,228.3,190.2,188.4,177.4,204.5,204.3,199.3,135,220.5,178.1,0.65%,-2.89%,-1.52%,-0.16%,4.40%,-0.73%,-10.77%,-1.66%,-0.96%,0.73%,0.035373386
Rural+Urban,2025,March,200.2,221.7,187.3,188.1,185.2,203,182.3,196,133.7,222.1,184.4,-0.60%,0.41%,-3.36%,0.16%,2.92%,3.25%,-9.65%,-2.91%,0.07%,0.05%,0.028199566
Rural,2025,April,199,222.6,181,188.4,190.6,209.6,164.7,190.3,133.8,222.2,189.6,-0.20%,3.95%,3.09%,0.48%,-6.51%,1.72%,21.74%,2.63%,1.49%,-0.95%,-0.055907173
Urban,2025,April,198.6,231.4,186.6,189.3,178.2,213.2,200.5,195.3,135.8,220.1,179,0.15%,-2.46%,-1.82%,-0.32%,4.38%,-0.89%,-11.82%,-1.69%,-0.96%,0.64%,0.034636872
Rural+Urban,2025,April,198.9,225.7,183.2,188.7,186,211.3,176.8,192,134.5,221.5,185.2,-0.55%,-0.09%,1.04%,0.37%,3.01%,-3.22%,-7.24%,-2.60%,0.00%,0.09%,0.02699784
Rural,2025,May,197.8,225.5,185.1,189.4,191.6,204.5,164,187,134.5,221.7,190.2,0.00%,4.35%,3.57%,0.90%,-6.47%,2.74%,23.35%,2.78%,1.34%,-0.95%,-0.056256572
Urban,2025,May,197.8,235.3,191.7,191.1,179.2,210.1,202.3,192.2,136.3,219.6,179.5,0.00%,-2.72%,-2.09%,-0.58%,4.35%,-1.43%,-12.51%,-1.77%,-0.88%,0.64%,0.03454039
Rural+Urban,2025,May,197.8,228.9,187.7,190,187,207.1,177,188.8,135.1,221,185.7,-0.35%,-0.83%,2.77%,0.00%,3.58%,-1.59%,-1.13%,-2.22%,-0.30%,0.32%,0.023155627
Rural,2025,June,197.1,227,192.9,190,193.7,203.8,175,184.6,134.7,221.7,190,0.20%,4.80%,3.06%,0.84%,-7.38%,3.97%,25.14%,2.38%,1.26%,-1.22%,-0.052631579
Urban,2025,June,197.5,237.9,198.8,191.6,179.4,211.9,219,189,136.4,219,180,-0.15%,-2.98%,-1.81%,-0.52%,5.02%,-2.03%,-13.29%,-1.53%,-0.81%,0.82%,0.032222222
Rural+Urban,2025,June,197.2,230.8,195.2,190.6,188.4,207.6,189.9,186.1,135.3,220.8,185.8,-0.10%,-2.30%,0.56%,-0.10%,5.04%,1.25%,3.42%,-1.77%,-0.44%,0.36%,0.02744887
Rural,2025,July,197,225.5,196.3,190.4,197.9,210.2,196.4,182.8,134.7,221.6,190.9,0.15%,4.79%,3.06%,0.89%,-7.98%,3.33%,23.52%,2.41%,1.26%,-1.08%,-0.054478785
Urban,2025,July,197.3,236.3,202.3,192.1,182.1,217.2,242.6,187.2,136.4,219.2,180.5,-0.10%,-2.96%,-1.83%,-0.57%,5.49%,-1.70%,-12.57%,-1.55%,-0.81%,0.73%,0.033795014
Rural+Urban,2025,July,197.1,229.3,198.6,191,192.1,213.5,212.1,184.3,135.3,220.8,186.6,0.20%,-2.83%,-2.67%,-0.10%,5.31%,-0.80%,-3.87%,-1.25%,0.30%,0.36%,0.025723473
Rural,2025,August,197.5,222.8,193.3,190.8,202.3,211.8,203.9,182,135.7,221.6,191.4,0.20%,4.98%,2.12%,0.84%,-8.80%,1.98%,22.12%,2.47%,1.25%,-1.22%,-0.056426332
Urban,2025,August,197.9,233.9,197.4,192.4,184.5,216,249,186.5,137.4,218.9,180.6,-0.15%,-3.08%,-1.27%,-0.52%,6.12%,-1.02%,-11.97%,-1.61%,-0.80%,0.82%,0.034883721
Rural+Urban,2025,August,197.6,226.7,194.9,191.4,195.8,213.8,219.2,183.5,136.3,220.7,186.9,0.00%,-1.24%,0.36%,-0.21%,3.88%,-2.06%,-9.99%,-1.04%,0.00%,0.54%,0.025682183
Rural,2025,September,197.6,223.9,195.6,191,203.4,209.4,197.3,181.6,136.3,221.9,191.7,0.25%,5.45%,2.45%,0.99%,-8.90%,0.76%,22.10%,2.09%,1.10%,-1.17%,-0.056859677
Urban,2025,September,198.1,236.1,200.4,192.9,185.3,211,240.9,185.4,137.8,219.3,180.8,-0.15%,-3.35%,-1.45%,-0.62%,6.21%,-0.43%,-11.96%,-1.35%,-0.73%,0.78%,0.034845133
Rural+Urban,2025,September,197.8,228.2,197.5,191.7,196.8,210.1,212.1,182.9,136.8,221,187.1,-0.30%,-1.75%,-0.46%,-0.42%,2.85%,-0.81%,-7.31%,-1.37%,0.00%,0.14%,0.021913415
Rural,2025,October,197.2,224.2,196.6,190.9,202.4,208.4,196.6,180.4,136.8,221.3,191.2,0.35%,5.49%,2.64%,1.26%,-8.60%,-1.20%,22.28%,2.22%,0.88%,-0.90%,-0.054393305
Urban,2025,October,197.9,236.5,201.8,193.3,185,205.9,240.4,184.4,138,219.3,180.8,-0.25%,-3.38%,-1.59%,-0.78%,5.95%,0.63%,-12.02%,-1.46%,-0.58%,0.59%,0.033738938
Rural+Urban,2025,October,197.4,228.5,198.6,191.8,196,207.2,211.5,181.7,137.2,220.6,186.9,0.00%,-1.44%,4.48%,-0.36%,3.27%,-0.72%,-4.82%,-0.72%,-0.44%,0.77%,0.021936865
Rural,2025,November,197.4,225.2,207.5,191.1,202.4,205.7,201.3,180.4,136.6,222.3,191,0.20%,5.55%,1.93%,1.31%,-8.60%,-0.44%,22.80%,2.49%,1.17%,-1.12%,-0.054973822
Urban,2025,November,197.8,237.7,211.5,193.6,185,204.8,247.2,184.9,138.2,219.8,180.5,-0.15%,-3.41%,-1.18%,-0.83%,5.95%,0.24%,-12.26%,-1.62%,-0.80%,0.77%,0.033795014
Rural+Urban,2025,November,197.5,229.6,209,192,196,205.3,216.9,181.9,137.1,221.5,186.6,-100.00%,-100.00%,-100.00%,-100.00%,-100.00%,-100.00%,-100.00%,-100.00%,-100.00%,-100.00%,-1
,,,,,,,,,,,,,,,,,,,,,,,,
,,Total  consumed ,67675.2,77389.1,69388.3,68540.7,64300.4,69167.3,77572.6,70159.1,52769.8,73907,65671,,,,,,,,,,,
,,Avearge consumed (KPI),146.57,167.64,150.28,148.45,139.25,149.81,168.05,151.96,114.24,160.10,142.23,,,,,,,,,,,
,,,,,,,,,,,,,,,,,,,,,,,,
,,MaxSector Consumed,Rural,Urban,Urban,Urban,Rural,Urban,Urban,Urban,Urban,Rural,Rural,,,,,,,,,,,
,,MinSector Consumed,Rural,Rural,Rural,Rural,Rural,Rural,Rural,Rural,Rural,Rural,Rural,,,,,,,,,,,
,,,,,,,,,,,,,,,,,,,,,,,,
,,Max Consumed in a Month ,March,June,December,November,May,July,October,October,November,November,September,,,,,,,,,,,
,,Min Consumed in a Month,May,April,May,May,May,May,May,May,May,May,May,,,,,,,,,,,
,,,,,,,,,,,,,,,,,,,,,,,,
,,Max Consumed in a Year,2025,2024,2024,2025,2022,2025,2024,2024,2025,2023,2025,,,,,,,,,,,
,,Min Consumed in a Year,2020,2020,2020,2020,2020,2020,2020,2020,2020,2020,2020,,,,,,,,,,,
,,,,,,,,,,,,,,,,,,,,,,,,
,,,,,,,,,,,,,,,,,,,,,,,,
,,Total Sectors ,3,,,,,,,,,,,,,,,,,,,,,
,,Total years,13,,,,,,,,,,,,,,,,,,,,,
,,Total Products,14,,756540.5,,,,,,,,,,,,,,,,,,,
